feeding_date_STD,formula,ingredient_name,dry_call_weight,dry_actual_weight,dry_call_weight_sum,dry_actual_weight_sum,Crude_Protein_%DM,aNDFom_%DM,Starch_%DM,error_CP_per_ingredient_%,error_aNDFom_per_ingredient_%,error_Starch_per_ingredient_%,total_CP_error_%,total_aNDFom_error_%,total_Starch_error_%
2025-12-16,DRYCOW,Dry,46.0,58.0,6756.0,6840.0,,,,,,,-0.2304834432111602,1.034561674138718,0.8022726532031177
2025-12-16,DRYCOW,NOB,1356.0,1364.0,6756.0,6840.0,,,,,,,-0.2304834432111602,1.034561674138718,0.8022726532031177
2025-12-16,DRYCOW,Non,3388.0,3424.0,6756.0,6840.0,,,,,,,-0.2304834432111602,1.034561674138718,0.8022726532031177
2025-12-16,DRYCOW,PRO,150.0,160.0,6756.0,6840.0,,,,,,,-0.2304834432111602,1.034561674138718,0.8022726532031177
2025-12-16,DRYCOW,SBM,196.0,198.0,6756.0,6840.0,53.17,10.92,2.17,1.0204081632653075,1.0204081632652848,1.0204081632653086,-0.2304834432111602,1.034561674138718,0.8022726532031177
2025-12-16,DRYCOW,SOY,536.0,546.0,6756.0,6840.0,12.71,64.45,1.02,1.8656716417910457,1.8656716417910426,1.8656716417910342,-0.2304834432111602,1.034561674138718,0.8022726532031177
2025-12-16,DRYCOW,TCL,1084.0,1090.0,6756.0,6840.0,12.0,55.0,2.5,0.5535055350553496,0.5535055350553428,0.5535055350553453,-0.2304834432111602,1.034561674138718,0.8022726532031177
2025-12-17,DRYCOW,Dry,50.0,38.0,6602.0,6658.0,,,,,,,1.285832726698527,-0.2357953995391709,0.6398725530018174
2025-12-17,DRYCOW,NOB,1226.0,1228.0,6602.0,6658.0,,,,,,,1.285832726698527,-0.2357953995391709,0.6398725530018174
2025-12-17,DRYCOW,Non,3304.0,3354.0,6602.0,6658.0,,,,,,,1.285832726698527,-0.2357953995391709,0.6398725530018174
2025-12-17,DRYCOW,PRO,152.0,160.0,6602.0,6658.0,,,,,,,1.285832726698527,-0.2357953995391709,0.6398725530018174
2025-12-17,DRYCOW,SBM,202.0,216.0,6602.0,6658.0,53.17,10.92,2.17,6.9306930693069395,6.930693069306916,6.930693069306927,1.285832726698527,-0.2357953995391709,0.6398725530018174
2025-12-17,DRYCOW,SOY,552.0,546.0,6602.0,6658.0,12.71,64.45,1.02,-1.086956521739119,-1.0869565217391197,-1.086956521739137,1.285832726698527,-0.2357953995391709,0.6398725530018174
2025-12-17,DRYCOW,TCL,1116.0,1116.0,6602.0,6658.0,12.0,55.0,2.5,0.0,0.0,0.0,1.285832726698527,-0.2357953995391709,0.6398725530018174
2025-12-18,DRYCOW,Dry,52.0,58.0,6774.0,7246.0,,,,,,,9.974438993829962,25.07249094705843,11.407582175987978
2025-12-18,DRYCOW,NOB,1234.0,1250.0,6774.0,7246.0,,,,,,,9.974438993829962,25.07249094705843,11.407582175987978
2025-12-18,DRYCOW,Non,3486.0,3538.0,6774.0,7246.0,,,,,,,9.974438993829962,25.07249094705843,11.407582175987978
2025-12-18,DRYCOW,PRO,154.0,160.0,6774.0,7246.0,,,,,,,9.974438993829962,25.07249094705843,11.407582175987978
2025-12-18,DRYCOW,SBM,204.0,216.0,6774.0,7246.0,53.17,10.92,2.17,5.882352941176478,5.882352941176477,5.882352941176465,9.974438993829962,25.07249094705843,11.407582175987978
2025-12-18,DRYCOW,SOY,556.0,928.0,6774.0,7246.0,12.71,64.45,1.02,66.90647482014388,66.90647482014387,66.90647482014388,9.974438993829962,25.07249094705843,11.407582175987978
2025-12-18,DRYCOW,TCL,1088.0,1096.0,6774.0,7246.0,12.0,55.0,2.5,0.7352941176470649,0.7352941176470551,0.7352941176470562,9.974438993829962,25.07249094705843,11.407582175987978
2025-12-19,DRYCOW,Dry,50.0,136.0,6222.0,6406.0,,,,,,,-0.14946842152212417,-0.6725896949964817,0.8963130173062738
2025-12-19,DRYCOW,NOB,1206.0,1222.0,6222.0,6406.0,,,,,,,-0.14946842152212417,-0.6725896949964817,0.8963130173062738
2025-12-19,DRYCOW,Non,3140.0,3206.0,6222.0,6406.0,,,,,,,-0.14946842152212417,-0.6725896949964817,0.8963130173062738
2025-12-19,DRYCOW,PRO,150.0,160.0,6222.0,6406.0,,,,,,,-0.14946842152212417,-0.6725896949964817,0.8963130173062738
2025-12-19,DRYCOW,SBM,198.0,216.0,6222.0,6406.0,53.17,10.92,2.17,9.090909090909104,9.0909090909091,9.090909090909092,-0.14946842152212417,-0.6725896949964817,0.8963130173062738
2025-12-19,DRYCOW,SOY,542.0,528.0,6222.0,6406.0,12.71,64.45,1.02,-2.583025830258316,-2.58302583025831,-2.583025830258307,-0.14946842152212417,-0.6725896949964817,0.8963130173062738
2025-12-19,DRYCOW,TCL,936.0,938.0,6222.0,6406.0,12.0,55.0,2.5,0.2136752136752218,0.21367521367521813,0.21367521367521675,-0.14946842152212417,-0.6725896949964817,0.8963130173062738
2025-12-20,DRYCOW,Dry,48.0,58.0,6170.0,6304.0,,,,,,,-0.20642793426471953,2.5582548948590222,1.6957693802214835
2025-12-20,DRYCOW,NOB,1196.0,1192.0,6170.0,6304.0,,,,,,,-0.20642793426471953,2.5582548948590222,1.6957693802214835
2025-12-20,DRYCOW,Non,3114.0,3140.0,6170.0,6304.0,,,,,,,-0.20642793426471953,2.5582548948590222,1.6957693802214835
2025-12-20,DRYCOW,PRO,150.0,214.0,6170.0,6304.0,,,,,,,-0.20642793426471953,2.5582548948590222,1.6957693802214835
2025-12-20,DRYCOW,SBM,196.0,198.0,6170.0,6304.0,53.17,10.92,2.17,1.0204081632653075,1.0204081632652848,1.0204081632653086,-0.20642793426471953,2.5582548948590222,1.6957693802214835
2025-12-20,DRYCOW,SOY,538.0,564.0,6170.0,6304.0,12.71,64.45,1.02,4.832713754646852,4.832713754646859,4.832713754646843,-0.20642793426471953,2.5582548948590222,1.6957693802214835
2025-12-20,DRYCOW,TCL,928.0,938.0,6170.0,6304.0,12.0,55.0,2.5,1.0775862068965543,1.0775862068965518,1.0775862068965518,-0.20642793426471953,2.5582548948590222,1.6957693802214835
2025-12-21,DRYCOW,Dry,46.0,38.0,6094.0,6206.0,,,,,,,2.753746006173236,0.7047395631131633,1.6585543789255321
2025-12-21,DRYCOW,NOB,1114.0,1142.0,6094.0,6206.0,,,,,,,2.753746006173236,0.7047395631131633,1.6585543789255321
2025-12-21,DRYCOW,Non,3050.0,3116.0,6094.0,6206.0,,,,,,,2.753746006173236,0.7047395631131633,1.6585543789255321
2025-12-21,DRYCOW,PRO,146.0,142.0,6094.0,6206.0,,,,,,,2.753746006173236,0.7047395631131633,1.6585543789255321
2025-12-21,DRYCOW,SBM,192.0,216.0,6094.0,6206.0,53.17,10.92,2.17,12.500000000000016,12.499999999999996,12.50000000000001,2.753746006173236,0.7047395631131633,1.6585543789255321
2025-12-21,DRYCOW,SOY,522.0,528.0,6094.0,6206.0,12.71,64.45,1.02,1.1494252873563096,1.1494252873563104,1.149425287356312,2.753746006173236,0.7047395631131633,1.6585543789255321
2025-12-21,DRYCOW,TCL,1024.0,1024.0,6094.0,6206.0,12.0,55.0,2.5,0.0,0.0,0.0,2.753746006173236,0.7047395631131633,1.6585543789255321
2025-12-22,DRYCOW,Dry,22.0,29.0,2879.0,2912.0,,,,,,,-3.892480205309643,0.7397104584179278,0.20653194922807494
2025-12-22,DRYCOW,NOB,527.0,530.0,2879.0,2912.0,,,,,,,-3.892480205309643,0.7397104584179278,0.20653194922807494
2025-12-22,DRYCOW,Non,1438.0,1460.0,2879.0,2912.0,,,,,,,-3.892480205309643,0.7397104584179278,0.20653194922807494
2025-12-22,DRYCOW,PRO,69.0,71.0,2879.0,2912.0,,,,,,,-3.892480205309643,0.7397104584179278,0.20653194922807494
2025-12-22,DRYCOW,SBM,90.0,81.0,2879.0,2912.0,53.17,10.92,2.17,-10.0,-9.999999999999993,-10.000000000000002,-3.892480205309643,0.7397104584179278,0.20653194922807494
2025-12-22,DRYCOW,SOY,248.0,246.0,2879.0,2912.0,12.71,64.45,1.02,-0.8064516129032284,-0.8064516129032355,-0.8064516129032248,-3.892480205309643,0.7397104584179278,0.20653194922807494
2025-12-22,DRYCOW,TCL,485.0,495.0,2879.0,2912.0,12.0,55.0,2.5,2.0618556701030855,2.0618556701030926,2.0618556701030926,-3.892480205309643,0.7397104584179278,0.20653194922807494
2025-12-23,DRYCOW,Dry,44.0,38.0,5784.0,5900.0,,,,,,,2.1582289469160356,0.7057674179689633,1.5157729768777404
2025-12-23,DRYCOW,NOB,1082.0,1116.0,5784.0,5900.0,,,,,,,2.1582289469160356,0.7057674179689633,1.5157729768777404
2025-12-23,DRYCOW,Non,2904.0,2942.0,5784.0,5900.0,,,,,,,2.1582289469160356,0.7057674179689633,1.5157729768777404
2025-12-23,DRYCOW,PRO,136.0,160.0,5784.0,5900.0,,,,,,,2.1582289469160356,0.7057674179689633,1.5157729768777404
2025-12-23,DRYCOW,SBM,178.0,198.0,5784.0,5900.0,53.17,10.92,2.17,11.235955056179774,11.235955056179762,11.235955056179767,2.1582289469160356,0.7057674179689633,1.5157729768777404
2025-12-23,DRYCOW,SOY,486.0,492.0,5784.0,5900.0,12.71,64.45,1.02,1.2345679012345778,1.2345679012345556,1.2345679012345752,2.1582289469160356,0.7057674179689633,1.5157729768777404
2025-12-23,DRYCOW,TCL,954.0,954.0,5784.0,5900.0,12.0,55.0,2.5,0.0,0.0,0.0,2.1582289469160356,0.7057674179689633,1.5157729768777404
2025-12-25,DRYCOW,Dry,44.0,38.0,5860.0,5832.0,,,,,,,-0.5422721237923073,-2.2426112872153774,-0.7105781605479594
2025-12-25,DRYCOW,NOB,1128.0,1122.0,5860.0,5832.0,,,,,,,-0.5422721237923073,-2.2426112872153774,-0.7105781605479594
2025-12-25,DRYCOW,Non,2928.0,2916.0,5860.0,5832.0,,,,,,,-0.5422721237923073,-2.2426112872153774,-0.7105781605479594
2025-12-25,DRYCOW,PRO,136.0,160.0,5860.0,5832.0,,,,,,,-0.5422721237923073,-2.2426112872153774,-0.7105781605479594
2025-12-25,DRYCOW,SBM,178.0,180.0,5860.0,5832.0,53.17,10.92,2.17,1.1235955056179792,1.1235955056179727,1.1235955056179687,-0.5422721237923073,-2.2426112872153774,-0.7105781605479594
2025-12-25,DRYCOW,SOY,488.0,456.0,5860.0,5832.0,12.71,64.45,1.02,-6.557377049180338,-6.557377049180335,-6.55737704918032,-0.5422721237923073,-2.2426112872153774,-0.7105781605479594
2025-12-25,DRYCOW,TCL,958.0,960.0,5860.0,5832.0,12.0,55.0,2.5,0.20876826722338995,0.20876826722338637,0.208768267223385,-0.5422721237923073,-2.2426112872153774,-0.7105781605479594
2025-12-26,DRYCOW,Dry,40.0,38.0,5248.0,5242.0,,,,,,,-1.2192642540928291,-1.4641906287972608,-0.8491290305501099
2025-12-26,DRYCOW,NOB,964.0,968.0,5248.0,5242.0,,,,,,,-1.2192642540928291,-1.4641906287972608,-0.8491290305501099
2025-12-26,DRYCOW,Non,2620.0,2634.0,5248.0,5242.0,,,,,,,-1.2192642540928291,-1.4641906287972608,-0.8491290305501099
2025-12-26,DRYCOW,PRO,126.0,124.0,5248.0,5242.0,,,,,,,-1.2192642540928291,-1.4641906287972608,-0.8491290305501099
2025-12-26,DRYCOW,SBM,164.0,162.0,5248.0,5242.0,53.17,10.92,2.17,-1.2195121951219527,-1.2195121951219459,-1.2195121951219543,-1.2192642540928291,-1.4641906287972608,-0.8491290305501099
2025-12-26,DRYCOW,SOY,452.0,436.0,5248.0,5242.0,12.71,64.45,1.02,-3.539823008849545,-3.5398230088495617,-3.539823008849553,-1.2192642540928291,-1.4641906287972608,-0.8491290305501099
2025-12-26,DRYCOW,TCL,882.0,880.0,5248.0,5242.0,12.0,55.0,2.5,-0.22675736961452106,-0.22675736961451717,-0.22675736961451567,-1.2192642540928291,-1.4641906287972608,-0.8491290305501099
2025-12-27,DRYCOW,Dry,40.0,38.0,5222.0,5256.0,,,,,,,2.3858068756196498,-0.4424330808283924,0.9068684357885342
2025-12-27,DRYCOW,NOB,990.0,1000.0,5222.0,5256.0,,,,,,,2.3858068756196498,-0.4424330808283924,0.9068684357885342
2025-12-27,DRYCOW,Non,2614.0,2630.0,5222.0,5256.0,,,,,,,2.3858068756196498,-0.4424330808283924,0.9068684357885342
2025-12-27,DRYCOW,PRO,122.0,124.0,5222.0,5256.0,,,,,,,2.3858068756196498,-0.4424330808283924,0.9068684357885342
2025-12-27,DRYCOW,SBM,164.0,180.0,5222.0,5256.0,53.17,10.92,2.17,9.756097560975606,9.756097560975608,9.75609756097561,2.3858068756196498,-0.4424330808283924,0.9068684357885342
2025-12-27,DRYCOW,SOY,444.0,436.0,5222.0,5256.0,12.71,64.45,1.02,-1.8018018018018076,-1.8018018018018038,-1.8018018018017994,2.3858068756196498,-0.4424330808283924,0.9068684357885342
2025-12-27,DRYCOW,TCL,848.0,848.0,5222.0,5256.0,12.0,55.0,2.5,0.0,0.0,0.0,2.3858068756196498,-0.4424330808283924,0.9068684357885342
2025-12-28,DRYCOW,Dry,40.0,38.0,5284.0,5348.0,,,,,,,3.1677635096585934,1.7443275150014907,2.3378360304935053
2025-12-28,DRYCOW,NOB,990.0,994.0,5284.0,5348.0,,,,,,,3.1677635096585934,1.7443275150014907,2.3378360304935053
2025-12-28,DRYCOW,Non,2648.0,2674.0,5284.0,5348.0,,,,,,,3.1677635096585934,1.7443275150014907,2.3378360304935053
2025-12-28,DRYCOW,PRO,124.0,124.0,5284.0,5348.0,,,,,,,3.1677635096585934,1.7443275150014907,2.3378360304935053
2025-12-28,DRYCOW,SBM,164.0,180.0,5284.0,5348.0,53.17,10.92,2.17,9.756097560975606,9.756097560975608,9.75609756097561,3.1677635096585934,1.7443275150014907,2.3378360304935053
2025-12-28,DRYCOW,SOY,446.0,456.0,5284.0,5348.0,12.71,64.45,1.02,2.2421524663677017,2.2421524663677106,2.24215246636772,3.1677635096585934,1.7443275150014907,2.3378360304935053
2025-12-28,DRYCOW,TCL,872.0,882.0,5284.0,5348.0,12.0,55.0,2.5,1.1467889908256907,1.1467889908256879,1.1467889908256879,3.1677635096585934,1.7443275150014907,2.3378360304935053
2025-12-29,DRYCOW,Dry,18.0,10.0,2444.0,2454.0,,,,,,,-1.2516324589253707,0.7760296511829367,0.00509331684068938
2025-12-29,DRYCOW,NOB,469.0,475.0,2444.0,2454.0,,,,,,,-1.2516324589253707,0.7760296511829367,0.00509331684068938
2025-12-29,DRYCOW,Non,1219.0,1233.0,2444.0,2454.0,,,,,,,-1.2516324589253707,0.7760296511829367,0.00509331684068938
2025-12-29,DRYCOW,PRO,57.0,53.0,2444.0,2454.0,,,,,,,-1.2516324589253707,0.7760296511829367,0.00509331684068938
2025-12-29,DRYCOW,SBM,75.0,72.0,2444.0,2454.0,53.17,10.92,2.17,-3.9999999999999876,-3.999999999999994,-3.999999999999996,-1.2516324589253707,0.7760296511829367,0.00509331684068938
2025-12-29,DRYCOW,SOY,205.0,209.0,2444.0,2454.0,12.71,64.45,1.02,1.9512195121951286,1.9512195121951241,1.951219512195141,-1.2516324589253707,0.7760296511829367,0.00509331684068938
2025-12-29,DRYCOW,TCL,401.0,402.0,2444.0,2454.0,12.0,55.0,2.5,0.24937655860350072,0.24937655860348354,0.24937655860349484,-1.2516324589253707,0.7760296511829367,0.00509331684068938
2025-12-30,DRYCOW,Dry,34.0,20.0,4474.0,4488.0,,,,,,,1.3481614543352363,-0.5111324508311313,0.6832298136645882
2025-12-30,DRYCOW,NOB,858.0,856.0,4474.0,4488.0,,,,,,,1.3481614543352363,-0.5111324508311313,0.6832298136645882
2025-12-30,DRYCOW,Non,2234.0,2260.0,4474.0,4488.0,,,,,,,1.3481614543352363,-0.5111324508311313,0.6832298136645882
2025-12-30,DRYCOW,PRO,104.0,106.0,4474.0,4488.0,,,,,,,1.3481614543352363,-0.5111324508311313,0.6832298136645882
2025-12-30,DRYCOW,SBM,136.0,144.0,4474.0,4488.0,53.17,10.92,2.17,5.882352941176479,5.882352941176481,5.88235294117647,1.3481614543352363,-0.5111324508311313,0.6832298136645882
2025-12-30,DRYCOW,SOY,374.0,364.0,4474.0,4488.0,12.71,64.45,1.02,-2.673796791443852,-2.673796791443859,-2.6737967914438467,1.3481614543352363,-0.5111324508311313,0.6832298136645882
2025-12-30,DRYCOW,TCL,734.0,738.0,4474.0,4488.0,12.0,55.0,2.5,0.5449591280653996,0.5449591280653923,0.5449591280653835,1.3481614543352363,-0.5111324508311313,0.6832298136645882
2025-12-31,DRYCOW,Dry,46.0,58.0,6036.0,6130.0,,,,,,,0.8879013184721378,0.9789287588826795,1.6563642949789088
2025-12-31,DRYCOW,NOB,1134.0,1146.0,6036.0,6130.0,,,,,,,0.8879013184721378,0.9789287588826795,1.6563642949789088
2025-12-31,DRYCOW,Non,3018.0,3082.0,6036.0,6130.0,,,,,,,0.8879013184721378,0.9789287588826795,1.6563642949789088
2025-12-31,DRYCOW,PRO,142.0,124.0,6036.0,6130.0,,,,,,,0.8879013184721378,0.9789287588826795,1.6563642949789088
2025-12-31,DRYCOW,SBM,188.0,198.0,6036.0,6130.0,53.17,10.92,2.17,5.319148936170206,5.319148936170189,5.319148936170204,0.8879013184721378,0.9789287588826795,1.6563642949789088
2025-12-31,DRYCOW,SOY,510.0,510.0,6036.0,6130.0,12.71,64.45,1.02,0.0,0.0,0.0,0.8879013184721378,0.9789287588826795,1.6563642949789088
2025-12-31,DRYCOW,TCL,998.0,1012.0,6036.0,6130.0,12.0,55.0,2.5,1.4028056112224387,1.4028056112224532,1.4028056112224507,0.8879013184721378,0.9789287588826795,1.6563642949789088
2026-01-01,DRYCOW,Dry,38.0,38.0,5222.0,5270.0,,,,,,,-1.510364834974979,-0.9267360039846971,-0.7177862818534589
2026-01-01,DRYCOW,NOB,984.0,990.0,5222.0,5270.0,,,,,,,-1.510364834974979,-0.9267360039846971,-0.7177862818534589
2026-01-01,DRYCOW,Non,2616.0,2652.0,5222.0,5270.0,,,,,,,-1.510364834974979,-0.9267360039846971,-0.7177862818534589
2026-01-01,DRYCOW,PRO,124.0,142.0,5222.0,5270.0,,,,,,,-1.510364834974979,-0.9267360039846971,-0.7177862818534589
2026-01-01,DRYCOW,SBM,162.0,162.0,5222.0,5270.0,53.17,10.92,2.17,0.0,0.0,0.0,-1.510364834974979,-0.9267360039846971,-0.7177862818534589
2026-01-01,DRYCOW,SOY,442.0,436.0,5222.0,5270.0,12.71,64.45,1.02,-1.3574660633484146,-1.3574660633484228,-1.3574660633484048,-1.510364834974979,-0.9267360039846971,-0.7177862818534589
2026-01-01,DRYCOW,TCL,856.0,850.0,5222.0,5270.0,12.0,55.0,2.5,-0.7009345794392512,-0.7009345794392547,-0.7009345794392458,-1.510364834974979,-0.9267360039846971,-0.7177862818534589
2026-01-02,DRYCOW,Dry,38.0,38.0,5454.0,5522.0,,,,,,,-0.5141942928118864,1.1667279146021772,0.48532140648045996
2026-01-02,DRYCOW,NOB,1096.0,1102.0,5454.0,5522.0,,,,,,,-0.5141942928118864,1.1667279146021772,0.48532140648045996
2026-01-02,DRYCOW,Non,2736.0,2766.0,5454.0,5522.0,,,,,,,-0.5141942928118864,1.1667279146021772,0.48532140648045996
2026-01-02,DRYCOW,PRO,124.0,142.0,5454.0,5522.0,,,,,,,-0.5141942928118864,1.1667279146021772,0.48532140648045996
2026-01-02,DRYCOW,SBM,162.0,162.0,5454.0,5522.0,53.17,10.92,2.17,0.0,0.0,0.0,-0.5141942928118864,1.1667279146021772,0.48532140648045996
2026-01-02,DRYCOW,SOY,442.0,456.0,5454.0,5522.0,12.71,64.45,1.02,3.1674208144796294,3.167420814479626,3.167420814479644,-0.5141942928118864,1.1667279146021772,0.48532140648045996
2026-01-02,DRYCOW,TCL,856.0,856.0,5454.0,5522.0,12.0,55.0,2.5,0.0,0.0,0.0,-0.5141942928118864,1.1667279146021772,0.48532140648045996
2026-01-03,DRYCOW,Dry,36.0,20.0,5186.0,5192.0,,,,,,,-2.7993531929730295,-0.7669701425719228,-1.3725031708578783
2026-01-03,DRYCOW,NOB,1044.0,1050.0,5186.0,5192.0,,,,,,,-2.7993531929730295,-0.7669701425719228,-1.3725031708578783
2026-01-03,DRYCOW,Non,2590.0,2618.0,5186.0,5192.0,,,,,,,-2.7993531929730295,-0.7669701425719228,-1.3725031708578783
2026-01-03,DRYCOW,PRO,118.0,124.0,5186.0,5192.0,,,,,,,-2.7993531929730295,-0.7669701425719228,-1.3725031708578783
2026-01-03,DRYCOW,SBM,154.0,144.0,5186.0,5192.0,53.17,10.92,2.17,-6.493506493506485,-6.493506493506497,-6.493506493506496,-2.7993531929730295,-0.7669701425719228,-1.3725031708578783
2026-01-03,DRYCOW,SOY,420.0,418.0,5186.0,5192.0,12.71,64.45,1.02,-0.4761904761904711,-0.47619047619047145,-0.4761904761904859,-2.7993531929730295,-0.7669701425719228,-1.3725031708578783
2026-01-03,DRYCOW,TCL,824.0,818.0,5186.0,5192.0,12.0,55.0,2.5,-0.7281553398058241,-0.7281553398058278,-0.7281553398058355,-2.7993531929730295,-0.7669701425719228,-1.3725031708578783
2026-01-04,DRYCOW,Dry,36.0,20.0,4934.0,4968.0,,,,,,,-2.7066114116018896,-0.5787121436884523,-0.22762176393155434
2026-01-04,DRYCOW,NOB,890.0,908.0,4934.0,4968.0,,,,,,,-2.7066114116018896,-0.5787121436884523,-0.22762176393155434
2026-01-04,DRYCOW,Non,2458.0,2496.0,4934.0,4968.0,,,,,,,-2.7066114116018896,-0.5787121436884523,-0.22762176393155434
2026-01-04,DRYCOW,PRO,118.0,124.0,4934.0,4968.0,,,,,,,-2.7066114116018896,-0.5787121436884523,-0.22762176393155434
2026-01-04,DRYCOW,SBM,152.0,144.0,4934.0,4968.0,53.17,10.92,2.17,-5.263157894736832,-5.26315789473683,-5.263157894736828,-2.7066114116018896,-0.5787121436884523,-0.22762176393155434
2026-01-04,DRYCOW,SOY,414.0,400.0,4934.0,4968.0,12.71,64.45,1.02,-3.3816425120772995,-3.3816425120773035,-3.381642512077301,-2.7066114116018896,-0.5787121436884523,-0.22762176393155434
2026-01-04,DRYCOW,TCL,866.0,876.0,4934.0,4968.0,12.0,55.0,2.5,1.1547344110854532,1.1547344110854503,1.1547344110854503,-2.7066114116018896,-0.5787121436884523,-0.22762176393155434
2026-01-05,DRYCOW,Dry,19.0,19.0,2495.0,2509.0,,,,,,,0.058537803441992234,-1.6880516488386708,-0.37408095111781997
2026-01-05,DRYCOW,NOB,448.0,454.0,2495.0,2509.0,,,,,,,0.058537803441992234,-1.6880516488386708,-0.37408095111781997
2026-01-05,DRYCOW,Non,1247.0,1259.0,2495.0,2509.0,,,,,,,0.058537803441992234,-1.6880516488386708,-0.37408095111781997
2026-01-05,DRYCOW,PRO,59.0,62.0,2495.0,2509.0,,,,,,,0.058537803441992234,-1.6880516488386708,-0.37408095111781997
2026-01-05,DRYCOW,SBM,77.0,81.0,2495.0,2509.0,53.17,10.92,2.17,5.194805194805202,5.194805194805193,5.1948051948051805,0.058537803441992234,-1.6880516488386708,-0.37408095111781997
2026-01-05,DRYCOW,SOY,209.0,200.0,2495.0,2509.0,12.71,64.45,1.02,-4.306220095693787,-4.30622009569378,-4.306220095693784,0.058537803441992234,-1.6880516488386708,-0.37408095111781997
2026-01-05,DRYCOW,TCL,436.0,434.0,2495.0,2509.0,12.0,55.0,2.5,-0.4587155963302791,-0.4587155963302847,-0.45871559633028175,0.058537803441992234,-1.6880516488386708,-0.37408095111781997
2026-01-06,DRYCOW,Dry,18.0,10.0,2381.0,2374.0,,,,,,,-0.3467114096177338,0.3506011797309401,0.4536290322580606
2026-01-06,DRYCOW,NOB,451.0,450.0,2381.0,2374.0,,,,,,,-0.3467114096177338,0.3506011797309401,0.4536290322580606
2026-01-06,DRYCOW,Non,1186.0,1191.0,2381.0,2374.0,,,,,,,-0.3467114096177338,0.3506011797309401,0.4536290322580606
2026-01-06,DRYCOW,PRO,57.0,53.0,2381.0,2374.0,,,,,,,-0.3467114096177338,0.3506011797309401,0.4536290322580606
2026-01-06,DRYCOW,SBM,74.0,72.0,2381.0,2374.0,53.17,10.92,2.17,-2.7027027027026884,-2.7027027027027017,-2.7027027027026955,-0.3467114096177338,0.3506011797309401,0.4536290322580606
2026-01-06,DRYCOW,SOY,202.0,200.0,2381.0,2374.0,12.71,64.45,1.02,-0.9900990099009797,-0.9900990099010019,-0.9900990099009889,-0.3467114096177338,0.3506011797309401,0.4536290322580606
2026-01-06,DRYCOW,TCL,393.0,398.0,2381.0,2374.0,12.0,55.0,2.5,1.2722646310432602,1.2722646310432568,1.272264631043257,-0.3467114096177338,0.3506011797309401,0.4536290322580606
2026-01-07,DRYCOW,Dry,19.0,19.0,2585.0,2579.0,,,,,,,1.3263154013858227,0.371783209523987,0.5438430189514869
2026-01-07,DRYCOW,NOB,497.0,507.0,2585.0,2579.0,,,,,,,1.3263154013858227,0.371783209523987,0.5438430189514869
2026-01-07,DRYCOW,Non,1291.0,1279.0,2585.0,2579.0,,,,,,,1.3263154013858227,0.371783209523987,0.5438430189514869
2026-01-07,DRYCOW,PRO,61.0,53.0,2585.0,2579.0,,,,,,,1.3263154013858227,0.371783209523987,0.5438430189514869
2026-01-07,DRYCOW,SBM,79.0,81.0,2585.0,2579.0,53.17,10.92,2.17,2.5316455696202564,2.5316455696202627,2.531645569620233,1.3263154013858227,0.371783209523987,0.5438430189514869
2026-01-07,DRYCOW,SOY,217.0,218.0,2585.0,2579.0,12.71,64.45,1.02,0.4608294930875656,0.460829493087553,0.46082949308756704,1.3263154013858227,0.371783209523987,0.5438430189514869
2026-01-07,DRYCOW,TCL,421.0,422.0,2585.0,2579.0,12.0,55.0,2.5,0.23752969121139636,0.23752969121139406,0.23752969121140477,1.3263154013858227,0.371783209523987,0.5438430189514869
2026-01-08,DRYCOW,Dry,21.0,10.0,2816.0,2828.0,,,,,,,0.5986955633922192,-0.8685526905646597,0.3477515844116525
2026-01-08,DRYCOW,NOB,541.0,548.0,2816.0,2828.0,,,,,,,0.5986955633922192,-0.8685526905646597,0.3477515844116525
2026-01-08,DRYCOW,Non,1402.0,1424.0,2816.0,2828.0,,,,,,,0.5986955633922192,-0.8685526905646597,0.3477515844116525
2026-01-08,DRYCOW,PRO,66.0,62.0,2816.0,2828.0,,,,,,,0.5986955633922192,-0.8685526905646597,0.3477515844116525
2026-01-08,DRYCOW,SBM,86.0,90.0,2816.0,2828.0,53.17,10.92,2.17,4.651162790697681,4.651162790697673,4.651162790697662,0.5986955633922192,-0.8685526905646597,0.3477515844116525
2026-01-08,DRYCOW,SOY,236.0,228.0,2816.0,2828.0,12.71,64.45,1.02,-3.3898305084745872,-3.3898305084745797,-3.389830508474572,0.5986955633922192,-0.8685526905646597,0.3477515844116525
2026-01-08,DRYCOW,TCL,464.0,466.0,2816.0,2828.0,12.0,55.0,2.5,0.4310344827586242,0.4310344827586296,0.4310344827586268,0.5986955633922192,-0.8685526905646597,0.3477515844116525
2026-01-09,DRYCOW,Dry,20.0,29.0,2740.0,2814.0,,,,,,,4.713914786204855,3.5782669741433035,5.200484918007133
2026-01-09,DRYCOW,NOB,519.0,525.0,2740.0,2814.0,,,,,,,4.713914786204855,3.5782669741433035,5.200484918007133
2026-01-09,DRYCOW,Non,1373.0,1399.0,2740.0,2814.0,,,,,,,4.713914786204855,3.5782669741433035,5.200484918007133
2026-01-09,DRYCOW,PRO,65.0,62.0,2740.0,2814.0,,,,,,,4.713914786204855,3.5782669741433035,5.200484918007133
2026-01-09,DRYCOW,SBM,86.0,99.0,2740.0,2814.0,53.17,10.92,2.17,15.116279069767447,15.116279069767433,15.11627906976743,4.713914786204855,3.5782669741433035,5.200484918007133
2026-01-09,DRYCOW,SOY,233.0,237.0,2740.0,2814.0,12.71,64.45,1.02,1.7167381974248743,1.7167381974249136,1.7167381974249094,4.713914786204855,3.5782669741433035,5.200484918007133
2026-01-09,DRYCOW,TCL,444.0,463.0,2740.0,2814.0,12.0,55.0,2.5,4.279279279279281,4.279279279279287,4.279279279279277,4.713914786204855,3.5782669741433035,5.200484918007133
2026-01-10,DRYCOW,Dry,20.0,19.0,2676.0,2696.0,,,,,,,-2.9057757068029457,-1.5716859113535546,-0.9442864357672524
2026-01-10,DRYCOW,NOB,509.0,522.0,2676.0,2696.0,,,,,,,-2.9057757068029457,-1.5716859113535546,-0.9442864357672524
2026-01-10,DRYCOW,Non,1336.0,1348.0,2676.0,2696.0,,,,,,,-2.9057757068029457,-1.5716859113535546,-0.9442864357672524
2026-01-10,DRYCOW,PRO,63.0,71.0,2676.0,2696.0,,,,,,,-2.9057757068029457,-1.5716859113535546,-0.9442864357672524
2026-01-10,DRYCOW,SBM,84.0,81.0,2676.0,2696.0,53.17,10.92,2.17,-3.571428571428561,-3.5714285714285747,-3.57142857142858,-2.9057757068029457,-1.5716859113535546,-0.9442864357672524
2026-01-10,DRYCOW,SOY,228.0,218.0,2676.0,2696.0,12.71,64.45,1.02,-4.385964912280692,-4.385964912280698,-4.385964912280696,-2.9057757068029457,-1.5716859113535546,-0.9442864357672524
2026-01-10,DRYCOW,TCL,436.0,437.0,2676.0,2696.0,12.0,55.0,2.5,0.22935779816513271,0.22935779816513047,0.22935779816514087,-2.9057757068029457,-1.5716859113535546,-0.9442864357672524
2026-01-11,DRYCOW,Dry,19.0,19.0,2622.0,2641.0,,,,,,,2.1771205841863974,-0.5745401054172973,0.7201646090534928
2026-01-11,DRYCOW,NOB,487.0,486.0,2622.0,2641.0,,,,,,,2.1771205841863974,-0.5745401054172973,0.7201646090534928
2026-01-11,DRYCOW,Non,1313.0,1330.0,2622.0,2641.0,,,,,,,2.1771205841863974,-0.5745401054172973,0.7201646090534928
2026-01-11,DRYCOW,PRO,62.0,62.0,2622.0,2641.0,,,,,,,2.1771205841863974,-0.5745401054172973,0.7201646090534928
2026-01-11,DRYCOW,SBM,82.0,90.0,2622.0,2641.0,53.17,10.92,2.17,9.756097560975606,9.756097560975608,9.75609756097561,2.1771205841863974,-0.5745401054172973,0.7201646090534928
2026-01-11,DRYCOW,SOY,222.0,218.0,2622.0,2641.0,12.71,64.45,1.02,-1.8018018018018076,-1.8018018018018038,-1.8018018018017994,2.1771205841863974,-0.5745401054172973,0.7201646090534928
2026-01-11,DRYCOW,TCL,437.0,436.0,2622.0,2641.0,12.0,55.0,2.5,-0.22883295194507525,-0.22883295194507303,-0.22883295194508335,2.1771205841863974,-0.5745401054172973,0.7201646090534928
2025-12-16,JBOER,DRY,680.0,666.0,6834.0,6766.0,,,,,,,0.977487138086049,-0.3693258125167761,-0.2756491537571018
2025-12-16,JBOER,HLG,442.0,442.0,6834.0,6766.0,20.0,42.0,2.95,0.0,0.0,0.0,0.977487138086049,-0.3693258125167761,-0.2756491537571018
2025-12-16,JBOER,MOL,172.0,176.0,6834.0,6766.0,5.17,,,2.3255813953488307,,,0.977487138086049,-0.3693258125167761,-0.2756491537571018
2025-12-16,JBOER,NOB,1648.0,1620.0,6834.0,6766.0,,,,,,,0.977487138086049,-0.3693258125167761,-0.2756491537571018
2025-12-16,JBOER,Non,3440.0,3480.0,6834.0,6766.0,,,,,,,0.977487138086049,-0.3693258125167761,-0.2756491537571018
2025-12-16,JBOER,SUP,248.0,180.0,6834.0,6766.0,,,,,,,0.977487138086049,-0.3693258125167761,-0.2756491537571018
2025-12-16,JBOER,TCL,204.0,202.0,6834.0,6766.0,12.0,55.0,2.5,-0.9803921568627533,-0.9803921568627527,-0.9803921568627416,0.977487138086049,-0.3693258125167761,-0.2756491537571018
2025-12-17,JBOER,DRY,680.0,686.0,9800.0,9898.0,,,,,,,-2.3002123414696976,-1.562171628721534,-1.6584517251377082
2025-12-17,JBOER,HLG,410.0,402.0,9800.0,9898.0,20.0,42.0,2.95,-1.951219512195115,-1.9512195121951137,-1.9512195121951126,-2.3002123414696976,-1.562171628721534,-1.6584517251377082
2025-12-17,JBOER,MOL,172.0,178.0,9800.0,9898.0,5.17,,,3.488372093023256,,,-2.3002123414696976,-1.562171628721534,-1.6584517251377082
2025-12-17,JBOER,NOB,1458.0,1434.0,9800.0,9898.0,,,,,,,-2.3002123414696976,-1.562171628721534,-1.6584517251377082
2025-12-17,JBOER,Non,6626.0,6762.0,9800.0,9898.0,,,,,,,-2.3002123414696976,-1.562171628721534,-1.6584517251377082
2025-12-17,JBOER,SUP,248.0,232.0,9800.0,9898.0,,,,,,,-2.3002123414696976,-1.562171628721534,-1.6584517251377082
2025-12-17,JBOER,TCL,206.0,204.0,9800.0,9898.0,12.0,55.0,2.5,-0.9708737864077607,-0.970873786407762,-0.9708737864077808,-2.3002123414696976,-1.562171628721534,-1.6584517251377082
2025-12-16,LAC1,HLG,1156.0,1162.0,15618.0,15672.0,20.0,42.0,2.95,0.5190311418685195,0.5190311418685201,0.5190311418685108,-0.1630969007289693,-0.12302451026781058,0.0660922353862749
2025-12-16,LAC1,NOB,3264.0,3280.0,15618.0,15672.0,,,,,,,-0.1630969007289693,-0.12302451026781058,0.0660922353862749
2025-12-16,LAC1,Non,7804.0,7856.0,15618.0,15672.0,,,,,,,-0.1630969007289693,-0.12302451026781058,0.0660922353862749
2025-12-16,LAC1,Sup,3124.0,3110.0,15618.0,15672.0,,,,,,,-0.1630969007289693,-0.12302451026781058,0.0660922353862749
2025-12-16,LAC1,TCL,270.0,264.0,15618.0,15672.0,12.0,55.0,2.5,-2.2222222222222188,-2.22222222222223,-2.2222222222222276,-0.1630969007289693,-0.12302451026781058,0.0660922353862749
2025-12-17,LAC1,HLG,1238.0,1236.0,16948.0,16984.0,20.0,42.0,2.95,-0.16155088852988922,-0.16155088852989302,-0.16155088852988006,-0.18395745565752109,0.1966568338249774,0.09250693802036038
2025-12-17,LAC1,NOB,3324.0,3316.0,16948.0,16984.0,,,,,,,-0.18395745565752109,0.1966568338249774,0.09250693802036038
2025-12-17,LAC1,Non,8478.0,8508.0,16948.0,16984.0,,,,,,,-0.18395745565752109,0.1966568338249774,0.09250693802036038
2025-12-17,LAC1,Sup,3596.0,3608.0,16948.0,16984.0,,,,,,,-0.18395745565752109,0.1966568338249774,0.09250693802036038
2025-12-17,LAC1,TCL,312.0,316.0,16948.0,16984.0,12.0,55.0,2.5,1.2820512820512928,1.2820512820512922,1.282051282051289,-0.18395745565752109,0.1966568338249774,0.09250693802036038
2025-12-18,LAC1,HLG,1234.0,1244.0,17086.0,17230.0,20.0,42.0,2.95,0.8103727714748784,0.8103727714748873,0.8103727714748831,-0.2201721759386047,0.4515132977948872,0.5561482759403549
2025-12-18,LAC1,NOB,3372.0,3444.0,17086.0,17230.0,,,,,,,-0.2201721759386047,0.4515132977948872,0.5561482759403549
2025-12-18,LAC1,Non,8528.0,8596.0,17086.0,17230.0,,,,,,,-0.2201721759386047,0.4515132977948872,0.5561482759403549
2025-12-18,LAC1,Sup,3646.0,3642.0,17086.0,17230.0,,,,,,,-0.2201721759386047,0.4515132977948872,0.5561482759403549
2025-12-18,LAC1,TCL,306.0,304.0,17086.0,17230.0,12.0,55.0,2.5,-0.6535947712418355,-0.6535947712418435,-0.6535947712418394,-0.2201721759386047,0.4515132977948872,0.5561482759403549
2025-12-19,LAC1,HLG,1316.0,1308.0,18216.0,18250.0,20.0,42.0,2.95,-0.6079027355622971,-0.6079027355623124,-0.6079027355623025,-0.803097465642996,-0.6271796602542359,-0.6214419190821809
2025-12-19,LAC1,NOB,3602.0,3614.0,18216.0,18250.0,,,,,,,-0.803097465642996,-0.6271796602542359,-0.6214419190821809
2025-12-19,LAC1,Non,9112.0,9124.0,18216.0,18250.0,,,,,,,-0.803097465642996,-0.6271796602542359,-0.6214419190821809
2025-12-19,LAC1,Sup,3898.0,3918.0,18216.0,18250.0,,,,,,,-0.803097465642996,-0.6271796602542359,-0.6214419190821809
2025-12-19,LAC1,TCL,288.0,286.0,18216.0,18250.0,12.0,55.0,2.5,-0.6944444444444501,-0.6944444444444409,-0.694444444444442,-0.803097465642996,-0.6271796602542359,-0.6214419190821809
2025-12-20,LAC1,HLG,1102.0,1108.0,14990.0,15116.0,20.0,42.0,2.95,0.5444646098003578,0.5444646098003714,0.5444646098003836,-0.2594155322140112,0.6108261339092881,0.591007315993676
2025-12-20,LAC1,NOB,2958.0,2996.0,14990.0,15116.0,,,,,,,-0.2594155322140112,0.6108261339092881,0.591007315993676
2025-12-20,LAC1,Non,7494.0,7544.0,14990.0,15116.0,,,,,,,-0.2594155322140112,0.6108261339092881,0.591007315993676
2025-12-20,LAC1,Sup,3200.0,3230.0,14990.0,15116.0,,,,,,,-0.2594155322140112,0.6108261339092881,0.591007315993676
2025-12-20,LAC1,TCL,236.0,238.0,14990.0,15116.0,12.0,55.0,2.5,0.8474576271186385,0.8474576271186396,0.8474576271186409,-0.2594155322140112,0.6108261339092881,0.591007315993676
2025-12-21,LAC1,HLG,1102.0,1098.0,14798.0,14834.0,20.0,42.0,2.95,-0.3629764065335805,-0.36297640653356456,-0.3629764065335599,-0.2742844911626657,0.2654693235448356,0.08161391517254604
2025-12-21,LAC1,NOB,2832.0,2856.0,14798.0,14834.0,,,,,,,-0.2742844911626657,0.2654693235448356,0.08161391517254604
2025-12-21,LAC1,Non,7396.0,7392.0,14798.0,14834.0,,,,,,,-0.2742844911626657,0.2654693235448356,0.08161391517254604
2025-12-21,LAC1,Sup,3200.0,3214.0,14798.0,14834.0,,,,,,,-0.2742844911626657,0.2654693235448356,0.08161391517254604
2025-12-21,LAC1,TCL,268.0,274.0,14798.0,14834.0,12.0,55.0,2.5,2.2388059701492726,2.238805970149242,2.2388059701492455,-0.2742844911626657,0.2654693235448356,0.08161391517254604
2025-12-22,LAC1,HLG,622.0,617.0,8356.0,8369.0,20.0,42.0,2.95,-0.8038585209003215,-0.8038585209003302,-0.8038585209003262,-0.6873173954007598,-0.2899895603758429,-0.4402004605174055
2025-12-22,LAC1,NOB,1598.0,1598.0,8356.0,8369.0,,,,,,,-0.6873173954007598,-0.2899895603758429,-0.4402004605174055
2025-12-22,LAC1,Non,4179.0,4187.0,8356.0,8369.0,,,,,,,-0.6873173954007598,-0.2899895603758429,-0.4402004605174055
2025-12-22,LAC1,Sup,1805.0,1813.0,8356.0,8369.0,,,,,,,-0.6873173954007598,-0.2899895603758429,-0.4402004605174055
2025-12-22,LAC1,TCL,152.0,154.0,8356.0,8369.0,12.0,55.0,2.5,1.3157894736842215,1.3157894736842208,1.3157894736842175,-0.6873173954007598,-0.2899895603758429,-0.4402004605174055
2025-12-23,LAC1,HLG,1258.0,1276.0,17158.0,17304.0,20.0,42.0,2.95,1.4308426073131935,1.4308426073131852,1.4308426073131921,0.7244961549375153,1.7167628398357602,1.6331181162172463
2025-12-23,LAC1,NOB,3374.0,3400.0,17158.0,17304.0,,,,,,,0.7244961549375153,1.7167628398357602,1.6331181162172463
2025-12-23,LAC1,Non,8570.0,8672.0,17158.0,17304.0,,,,,,,0.7244961549375153,1.7167628398357602,1.6331181162172463
2025-12-23,LAC1,Sup,3650.0,3642.0,17158.0,17304.0,,,,,,,0.7244961549375153,1.7167628398357602,1.6331181162172463
2025-12-23,LAC1,TCL,306.0,314.0,17158.0,17304.0,12.0,55.0,2.5,2.614379084967323,2.6143790849673065,2.614379084967311,0.7244961549375153,1.7167628398357602,1.6331181162172463
2025-12-25,LAC1,HLG,1134.0,1128.0,17744.0,17848.0,20.0,42.0,2.95,-0.5291005291005366,-0.5291005291005253,-0.5291005291005278,-0.40259453419862046,0.7954789766270561,0.4178441175760254
2025-12-25,LAC1,NOB,3628.0,3632.0,17744.0,17848.0,,,,,,,-0.40259453419862046,0.7954789766270561,0.4178441175760254
2025-12-25,LAC1,Non,8878.0,8924.0,17744.0,17848.0,,,,,,,-0.40259453419862046,0.7954789766270561,0.4178441175760254
2025-12-25,LAC1,Sup,3786.0,3832.0,17744.0,17848.0,,,,,,,-0.40259453419862046,0.7954789766270561,0.4178441175760254
2025-12-25,LAC1,TCL,318.0,332.0,17744.0,17848.0,12.0,55.0,2.5,4.402515723270459,4.402515723270434,4.402515723270447,-0.40259453419862046,0.7954789766270561,0.4178441175760254
2025-12-26,LAC1,HLG,1294.0,1292.0,17396.0,17444.0,20.0,42.0,2.95,-0.15455950540959587,-0.15455950540958854,-0.15455950540957614,-0.49026429696934837,-0.2704662056658564,-0.23658107785469723
2025-12-26,LAC1,NOB,3336.0,3348.0,17396.0,17444.0,,,,,,,-0.49026429696934837,-0.2704662056658564,-0.23658107785469723
2025-12-26,LAC1,Non,8698.0,8726.0,17396.0,17444.0,,,,,,,-0.49026429696934837,-0.2704662056658564,-0.23658107785469723
2025-12-26,LAC1,Sup,3752.0,3764.0,17396.0,17444.0,,,,,,,-0.49026429696934837,-0.2704662056658564,-0.23658107785469723
2025-12-26,LAC1,TCL,316.0,314.0,17396.0,17444.0,12.0,55.0,2.5,-0.6329113924050684,-0.6329113924050763,-0.6329113924050722,-0.49026429696934837,-0.2704662056658564,-0.23658107785469723
2025-12-27,LAC1,HLG,1316.0,1314.0,17674.0,17738.0,20.0,42.0,2.95,-0.15197568389056887,-0.15197568389058325,-0.15197568389057103,-0.3342510183165801,0.18833434886168693,0.08813034693262717
2025-12-27,LAC1,NOB,3468.0,3492.0,17674.0,17738.0,,,,,,,-0.3342510183165801,0.18833434886168693,0.08813034693262717
2025-12-27,LAC1,Non,8830.0,8874.0,17674.0,17738.0,,,,,,,-0.3342510183165801,0.18833434886168693,0.08813034693262717
2025-12-27,LAC1,Sup,3752.0,3746.0,17674.0,17738.0,,,,,,,-0.3342510183165801,0.18833434886168693,0.08813034693262717
2025-12-27,LAC1,TCL,308.0,312.0,17674.0,17738.0,12.0,55.0,2.5,1.2987012987012903,1.298701298701292,1.298701298701294,-0.3342510183165801,0.18833434886168693,0.08813034693262717
2025-12-28,LAC1,HLG,1292.0,1296.0,17660.0,17662.0,20.0,42.0,2.95,0.3095975232198187,0.309597523219826,0.30959752321980105,0.3396084331824354,0.38802970241750495,0.365106272004171
2025-12-28,LAC1,NOB,3468.0,3472.0,17660.0,17662.0,,,,,,,0.3396084331824354,0.38802970241750495,0.365106272004171
2025-12-28,LAC1,Non,8832.0,8812.0,17660.0,17662.0,,,,,,,0.3396084331824354,0.38802970241750495,0.365106272004171
2025-12-28,LAC1,Sup,3752.0,3764.0,17660.0,17662.0,,,,,,,0.3396084331824354,0.38802970241750495,0.365106272004171
2025-12-28,LAC1,TCL,316.0,318.0,17660.0,17662.0,12.0,55.0,2.5,0.6329113924050498,0.63291139240506,0.632911392405061,0.3396084331824354,0.38802970241750495,0.365106272004171
2025-12-29,LAC1,HLG,690.0,687.0,9185.0,9208.0,20.0,42.0,2.95,-0.434782608695648,-0.43478260869564905,-0.4347826086956686,-0.3258699197659744,0.2484472049689435,0.04716981132074679
2025-12-29,LAC1,NOB,1826.0,1830.0,9185.0,9208.0,,,,,,,-0.3258699197659744,0.2484472049689435,0.04716981132074679
2025-12-29,LAC1,Non,4592.0,4602.0,9185.0,9208.0,,,,,,,-0.3258699197659744,0.2484472049689435,0.04716981132074679
2025-12-29,LAC1,Sup,1916.0,1924.0,9185.0,9208.0,,,,,,,-0.3258699197659744,0.2484472049689435,0.04716981132074679
2025-12-29,LAC1,TCL,161.0,165.0,9185.0,9208.0,12.0,55.0,2.5,2.4844720496894435,2.4844720496894444,2.484472049689432,-0.3258699197659744,0.2484472049689435,0.04716981132074679
2025-12-30,LAC1,HLG,1414.0,1422.0,18826.0,18918.0,20.0,42.0,2.95,0.5657708628005537,0.5657708628005681,0.5657708628005759,-0.21468387663411428,0.007738141298467734,0.1721273742569614
2025-12-30,LAC1,NOB,3738.0,3748.0,18826.0,18918.0,,,,,,,-0.21468387663411428,0.007738141298467734,0.1721273742569614
2025-12-30,LAC1,Non,9422.0,9454.0,18826.0,18918.0,,,,,,,-0.21468387663411428,0.007738141298467734,0.1721273742569614
2025-12-30,LAC1,Sup,3922.0,3970.0,18826.0,18918.0,,,,,,,-0.21468387663411428,0.007738141298467734,0.1721273742569614
2025-12-30,LAC1,TCL,330.0,324.0,18826.0,18918.0,12.0,55.0,2.5,-1.8181818181818152,-1.8181818181818243,-1.8181818181818226,-0.21468387663411428,0.007738141298467734,0.1721273742569614
2025-12-31,LAC1,HLG,1364.0,1362.0,18638.0,18656.0,20.0,42.0,2.95,-0.1466275659824172,-0.14662756598241025,-0.14662756598239846,-0.14761140010990886,0.0344152062265038,-0.01854217314267839
2025-12-31,LAC1,NOB,3664.0,3680.0,18638.0,18656.0,,,,,,,-0.14761140010990886,0.0344152062265038,-0.01854217314267839
2025-12-31,LAC1,Non,9314.0,9328.0,18638.0,18656.0,,,,,,,-0.14761140010990886,0.0344152062265038,-0.01854217314267839
2025-12-31,LAC1,Sup,3964.0,3952.0,18638.0,18656.0,,,,,,,-0.14761140010990886,0.0344152062265038,-0.01854217314267839
2025-12-31,LAC1,TCL,332.0,334.0,18638.0,18656.0,12.0,55.0,2.5,0.6024096385542039,0.6024096385542138,0.6024096385542039,-0.14761140010990886,0.0344152062265038,-0.01854217314267839
2026-01-01,LAC1,HLG,1422.0,1436.0,18738.0,18766.0,20.0,42.0,2.95,0.9845288326301025,0.9845288326300976,0.9845288326300735,0.9363968889369553,1.1804948305128273,1.1226544896209203
2026-01-01,LAC1,NOB,3664.0,3680.0,18738.0,18766.0,,,,,,,0.9363968889369553,1.1804948305128273,1.1226544896209203
2026-01-01,LAC1,Non,9360.0,9364.0,18738.0,18766.0,,,,,,,0.9363968889369553,1.1804948305128273,1.1226544896209203
2026-01-01,LAC1,Sup,3964.0,3952.0,18738.0,18766.0,,,,,,,0.9363968889369553,1.1804948305128273,1.1226544896209203
2026-01-01,LAC1,TCL,328.0,334.0,18738.0,18766.0,12.0,55.0,2.5,1.829268292682924,1.8292682926829174,1.8292682926829311,0.9363968889369553,1.1804948305128273,1.1226544896209203
2026-01-02,LAC1,HLG,1436.0,1436.0,19790.0,19848.0,20.0,42.0,2.95,0.0,0.0,0.0,-0.2190498078942052,0.13999898182557516,0.098693300698757
2026-01-02,LAC1,NOB,4118.0,4126.0,19790.0,19848.0,,,,,,,-0.2190498078942052,0.13999898182557516,0.098693300698757
2026-01-02,LAC1,Non,9900.0,9914.0,19790.0,19848.0,,,,,,,-0.2190498078942052,0.13999898182557516,0.098693300698757
2026-01-02,LAC1,Sup,4004.0,4038.0,19790.0,19848.0,,,,,,,-0.2190498078942052,0.13999898182557516,0.098693300698757
2026-01-02,LAC1,TCL,332.0,334.0,19790.0,19848.0,12.0,55.0,2.5,0.6024096385542039,0.6024096385542138,0.6024096385542039,-0.2190498078942052,0.13999898182557516,0.098693300698757
2026-01-03,LAC1,HLG,1376.0,1372.0,19622.0,19678.0,20.0,42.0,2.95,-0.29069767441860883,-0.290697674418596,-0.29069767441860983,-0.8408036734220162,-0.7971470526536659,-0.6490855649901981
2026-01-03,LAC1,NOB,4106.0,4126.0,19622.0,19678.0,,,,,,,-0.8408036734220162,-0.7971470526536659,-0.6490855649901981
2026-01-03,LAC1,Non,9812.0,9848.0,19622.0,19678.0,,,,,,,-0.8408036734220162,-0.7971470526536659,-0.6490855649901981
2026-01-03,LAC1,Sup,3992.0,4004.0,19622.0,19678.0,,,,,,,-0.8408036734220162,-0.7971470526536659,-0.6490855649901981
2026-01-03,LAC1,TCL,336.0,328.0,19622.0,19678.0,12.0,55.0,2.5,-2.3809523809523827,-2.380952380952384,-2.380952380952394,-0.8408036734220162,-0.7971470526536659,-0.6490855649901981
2026-01-04,LAC1,HLG,1392.0,1392.0,18752.0,18802.0,20.0,42.0,2.95,0.0,0.0,0.0,-0.191500745395461,0.14054993355821613,0.0998721636305472
2026-01-04,LAC1,NOB,3588.0,3614.0,18752.0,18802.0,,,,,,,-0.191500745395461,0.14054993355821613,0.0998721636305472
2026-01-04,LAC1,Non,9370.0,9396.0,18752.0,18802.0,,,,,,,-0.191500745395461,0.14054993355821613,0.0998721636305472
2026-01-04,LAC1,Sup,4042.0,4038.0,18752.0,18802.0,,,,,,,-0.191500745395461,0.14054993355821613,0.0998721636305472
2026-01-04,LAC1,TCL,360.0,362.0,18752.0,18802.0,12.0,55.0,2.5,0.5555555555555437,0.5555555555555527,0.5555555555555635,-0.191500745395461,0.14054993355821613,0.0998721636305472
2026-01-05,LAC1,HLG,703.0,712.0,9473.0,9548.0,20.0,42.0,2.95,1.280227596017078,1.2802275960170797,1.2802275960170841,1.5598760090026547,3.321023876972884,2.730490143741227
2026-01-05,LAC1,NOB,1811.0,1818.0,9473.0,9548.0,,,,,,,1.5598760090026547,3.321023876972884,2.730490143741227
2026-01-05,LAC1,Non,4736.0,4757.0,9473.0,9548.0,,,,,,,1.5598760090026547,3.321023876972884,2.730490143741227
2026-01-05,LAC1,Sup,2041.0,2062.0,9473.0,9548.0,,,,,,,1.5598760090026547,3.321023876972884,2.730490143741227
2026-01-05,LAC1,TCL,182.0,199.0,9473.0,9548.0,12.0,55.0,2.5,9.340659340659336,9.340659340659348,9.340659340659336,1.5598760090026547,3.321023876972884,2.730490143741227
2026-01-06,LAC1,HLG,703.0,700.0,9603.0,9597.0,20.0,42.0,2.95,-0.42674253200568585,-0.4267425320056868,-0.426742532005689,-0.4595457819699036,-0.607058339335326,-0.554254957280351
2026-01-06,LAC1,NOB,1886.0,1883.0,9603.0,9597.0,,,,,,,-0.4595457819699036,-0.607058339335326,-0.554254957280351
2026-01-06,LAC1,Non,4804.0,4801.0,9603.0,9597.0,,,,,,,-0.4595457819699036,-0.607058339335326,-0.554254957280351
2026-01-06,LAC1,Sup,2040.0,2045.0,9603.0,9597.0,,,,,,,-0.4595457819699036,-0.607058339335326,-0.554254957280351
2026-01-06,LAC1,TCL,170.0,168.0,9603.0,9597.0,12.0,55.0,2.5,-1.1764705882352864,-1.176470588235288,-1.17647058823529,-0.4595457819699036,-0.607058339335326,-0.554254957280351
2026-01-07,LAC1,HLG,711.0,712.0,9803.0,9957.0,20.0,42.0,2.95,0.14064697609002605,0.14064697609001942,0.1406469760900081,0.6057316418842611,4.023193123442346,2.886308334487321
2026-01-07,LAC1,NOB,1962.0,1991.0,9803.0,9957.0,,,,,,,0.6057316418842611,4.023193123442346,2.886308334487321
2026-01-07,LAC1,Non,4893.0,4983.0,9803.0,9957.0,,,,,,,0.6057316418842611,4.023193123442346,2.886308334487321
2026-01-07,LAC1,Sup,2065.0,2071.0,9803.0,9957.0,,,,,,,0.6057316418842611,4.023193123442346,2.886308334487321
2026-01-07,LAC1,TCL,172.0,200.0,9803.0,9957.0,12.0,55.0,2.5,16.279069767441857,16.279069767441868,16.279069767441865,0.6057316418842611,4.023193123442346,2.886308334487321
2026-01-08,LAC1,HLG,711.0,708.0,9819.0,9859.0,20.0,42.0,2.95,-0.42194092827003826,-0.42194092827003915,-0.42194092827005814,0.033989181230168995,1.2147494420775058,0.7364409958735564
2026-01-08,LAC1,NOB,1962.0,1968.0,9819.0,9859.0,,,,,,,0.033989181230168995,1.2147494420775058,0.7364409958735564
2026-01-08,LAC1,Non,4907.0,4927.0,9819.0,9859.0,,,,,,,0.033989181230168995,1.2147494420775058,0.7364409958735564
2026-01-08,LAC1,Sup,2065.0,2071.0,9819.0,9859.0,,,,,,,0.033989181230168995,1.2147494420775058,0.7364409958735564
2026-01-08,LAC1,TCL,174.0,185.0,9819.0,9859.0,12.0,55.0,2.5,6.321839080459772,6.321839080459767,6.321839080459779,0.033989181230168995,1.2147494420775058,0.7364409958735564
2026-01-09,LAC1,HLG,711.0,712.0,9710.0,9730.0,20.0,42.0,2.95,0.14064697609002605,0.14064697609001942,0.1406469760900081,0.0646960802322594,0.38818091273591915,0.315482450048624
2026-01-09,LAC1,NOB,1909.0,1909.0,9710.0,9730.0,,,,,,,0.0646960802322594,0.38818091273591915,0.315482450048624
2026-01-09,LAC1,Non,4856.0,4867.0,9710.0,9730.0,,,,,,,0.0646960802322594,0.38818091273591915,0.315482450048624
2026-01-09,LAC1,Sup,2065.0,2071.0,9710.0,9730.0,,,,,,,0.0646960802322594,0.38818091273591915,0.315482450048624
2026-01-09,LAC1,TCL,169.0,171.0,9710.0,9730.0,12.0,55.0,2.5,1.1834319526627142,1.1834319526627157,1.1834319526627388,0.0646960802322594,0.38818091273591915,0.315482450048624
2026-01-10,LAC1,HLG,703.0,704.0,9598.0,9623.0,20.0,42.0,2.95,0.14224751066857544,0.1422475106685687,0.1422475106685744,-0.1356156999353631,0.10849629304331043,0.11840969755354447
2026-01-10,LAC1,NOB,1886.0,1887.0,9598.0,9623.0,,,,,,,-0.1356156999353631,0.10849629304331043,0.11840969755354447
2026-01-10,LAC1,Non,4802.0,4812.0,9598.0,9623.0,,,,,,,-0.1356156999353631,0.10849629304331043,0.11840969755354447
2026-01-10,LAC1,Sup,2040.0,2053.0,9598.0,9623.0,,,,,,,-0.1356156999353631,0.10849629304331043,0.11840969755354447
2026-01-10,LAC1,TCL,167.0,167.0,9598.0,9623.0,12.0,55.0,2.5,0.0,0.0,0.0,-0.1356156999353631,0.10849629304331043,0.11840969755354447
2026-01-11,LAC1,HLG,719.0,720.0,9744.0,9772.0,20.0,42.0,2.95,0.13908205841445662,0.13908205841445098,0.13908205841444188,-0.09291456867055625,0.24357783190617743,0.21301127591798996
2026-01-11,LAC1,NOB,1892.0,1898.0,9744.0,9772.0,,,,,,,-0.09291456867055625,0.24357783190617743,0.21301127591798996
2026-01-11,LAC1,Non,4872.0,4882.0,9744.0,9772.0,,,,,,,-0.09291456867055625,0.24357783190617743,0.21301127591798996
2026-01-11,LAC1,Sup,2086.0,2096.0,9744.0,9772.0,,,,,,,-0.09291456867055625,0.24357783190617743,0.21301127591798996
2026-01-11,LAC1,TCL,175.0,176.0,9744.0,9772.0,12.0,55.0,2.5,0.5714285714285762,0.5714285714285685,0.5714285714285796,-0.09291456867055625,0.24357783190617743,0.21301127591798996
2025-12-16,LAC2,HLG,1452.0,1450.0,19630.0,19586.0,20.0,42.0,2.95,-0.1377410468319481,-0.13774104683196114,-0.13774104683196667,0.03083899568543091,-0.24379822555106626,-0.21254192340692782
2025-12-16,LAC2,NOB,4104.0,4118.0,19630.0,19586.0,,,,,,,0.03083899568543091,-0.24379822555106626,-0.21254192340692782
2025-12-16,LAC2,Non,9812.0,9764.0,19630.0,19586.0,,,,,,,0.03083899568543091,-0.24379822555106626,-0.21254192340692782
2025-12-16,LAC2,Sup,3924.0,3918.0,19630.0,19586.0,,,,,,,0.03083899568543091,-0.24379822555106626,-0.21254192340692782
2025-12-16,LAC2,TCL,338.0,336.0,19630.0,19586.0,12.0,55.0,2.5,-0.5917159763313657,-0.5917159763313579,-0.5917159763313483,0.03083899568543091,-0.24379822555106626,-0.21254192340692782
2025-12-17,LAC2,HLG,1234.0,1226.0,16882.0,16918.0,20.0,42.0,2.95,-0.6482982171799119,-0.6482982171799054,-0.6482982171798948,-0.18468203713356185,0.6300995963878042,0.2581931012615322
2025-12-17,LAC2,NOB,3312.0,3316.0,16882.0,16918.0,,,,,,,-0.18468203713356185,0.6300995963878042,0.2581931012615322
2025-12-17,LAC2,Non,8444.0,8444.0,16882.0,16918.0,,,,,,,-0.18468203713356185,0.6300995963878042,0.2581931012615322
2025-12-17,LAC2,Sup,3582.0,3608.0,16882.0,16918.0,,,,,,,-0.18468203713356185,0.6300995963878042,0.2581931012615322
2025-12-17,LAC2,TCL,310.0,324.0,16882.0,16918.0,12.0,55.0,2.5,4.516129032258063,4.516129032258058,4.5161290322580605,-0.18468203713356185,0.6300995963878042,0.2581931012615322
2025-12-18,LAC2,HLG,1146.0,1150.0,15900.0,16048.0,20.0,42.0,2.95,0.34904013961606084,0.3490401396160573,0.349040139616041,0.01104253329347288,1.4713263897603206,1.1440584740997783
2025-12-18,LAC2,NOB,3134.0,3146.0,15900.0,16048.0,,,,,,,0.01104253329347288,1.4713263897603206,1.1440584740997783
2025-12-18,LAC2,Non,7946.0,8068.0,15900.0,16048.0,,,,,,,0.01104253329347288,1.4713263897603206,1.1440584740997783
2025-12-18,LAC2,Sup,3390.0,3386.0,15900.0,16048.0,,,,,,,0.01104253329347288,1.4713263897603206,1.1440584740997783
2025-12-18,LAC2,TCL,284.0,298.0,15900.0,16048.0,12.0,55.0,2.5,4.929577464788732,4.929577464788744,4.92957746478874,0.01104253329347288,1.4713263897603206,1.1440584740997783
2025-12-19,LAC2,HLG,1162.0,1202.0,16024.0,16154.0,20.0,42.0,2.95,3.4423407917383817,3.442340791738373,3.4423407917383813,2.8479008833947677,3.9028897314174658,3.7657830613601146
2025-12-19,LAC2,NOB,3174.0,3202.0,16024.0,16154.0,,,,,,,2.8479008833947677,3.9028897314174658,3.7657830613601146
2025-12-19,LAC2,Non,8000.0,8062.0,16024.0,16154.0,,,,,,,2.8479008833947677,3.9028897314174658,3.7657830613601146
2025-12-19,LAC2,Sup,3434.0,3420.0,16024.0,16154.0,,,,,,,2.8479008833947677,3.9028897314174658,3.7657830613601146
2025-12-19,LAC2,TCL,254.0,268.0,16024.0,16154.0,12.0,55.0,2.5,5.511811023622035,5.51181102362206,5.511811023622056,2.8479008833947677,3.9028897314174658,3.7657830613601146
2025-12-20,LAC2,HLG,1166.0,1162.0,15862.0,15920.0,20.0,42.0,2.95,-0.3430531732418452,-0.34305317324185386,-0.3430531732418586,-0.6671656153106134,-0.2678486017665354,-0.29030432750264984
2025-12-20,LAC2,NOB,3130.0,3138.0,15862.0,15920.0,,,,,,,-0.6671656153106134,-0.2678486017665354,-0.29030432750264984
2025-12-20,LAC2,Non,7930.0,7984.0,15862.0,15920.0,,,,,,,-0.6671656153106134,-0.2678486017665354,-0.29030432750264984
2025-12-20,LAC2,Sup,3386.0,3386.0,15862.0,15920.0,,,,,,,-0.6671656153106134,-0.2678486017665354,-0.29030432750264984
2025-12-20,LAC2,TCL,250.0,250.0,15862.0,15920.0,12.0,55.0,2.5,0.0,0.0,0.0,-0.6671656153106134,-0.2678486017665354,-0.29030432750264984
2025-12-21,LAC2,HLG,1174.0,1172.0,15772.0,15914.0,20.0,42.0,2.95,-0.17035775127768554,-0.17035775127767805,-0.1703577512776964,-1.0396024290489894,-0.12915526307697528,-0.14120575353613815
2025-12-21,LAC2,NOB,3018.0,3040.0,15772.0,15914.0,,,,,,,-1.0396024290489894,-0.12915526307697528,-0.14120575353613815
2025-12-21,LAC2,Non,7884.0,7996.0,15772.0,15914.0,,,,,,,-1.0396024290489894,-0.12915526307697528,-0.14120575353613815
2025-12-21,LAC2,Sup,3410.0,3420.0,15772.0,15914.0,,,,,,,-1.0396024290489894,-0.12915526307697528,-0.14120575353613815
2025-12-21,LAC2,TCL,286.0,286.0,15772.0,15914.0,12.0,55.0,2.5,0.0,0.0,0.0,-1.0396024290489894,-0.12915526307697528,-0.14120575353613815
2025-12-22,LAC2,HLG,651.0,664.0,8741.0,8767.0,20.0,42.0,2.95,1.996927803379434,1.9969278033794087,1.9969278033794242,1.7605513269518838,2.1226480450023466,2.085894863996201
2025-12-22,LAC2,NOB,1673.0,1683.0,8741.0,8767.0,,,,,,,1.7605513269518838,2.1226480450023466,2.085894863996201
2025-12-22,LAC2,Non,4368.0,4367.0,8741.0,8767.0,,,,,,,1.7605513269518838,2.1226480450023466,2.085894863996201
2025-12-22,LAC2,Sup,1890.0,1890.0,8741.0,8767.0,,,,,,,1.7605513269518838,2.1226480450023466,2.085894863996201
2025-12-22,LAC2,TCL,159.0,163.0,8741.0,8767.0,12.0,55.0,2.5,2.515723270440254,2.515723270440255,2.5157232704402537,1.7605513269518838,2.1226480450023466,2.085894863996201
2025-12-23,LAC2,HLG,1302.0,1318.0,17794.0,17884.0,20.0,42.0,2.95,1.2288786482335046,1.2288786482334713,1.2288786482334904,0.8830996851689292,1.5407210352758458,1.4495567203779136
2025-12-23,LAC2,NOB,3494.0,3508.0,17794.0,17884.0,,,,,,,0.8830996851689292,1.5407210352758458,1.4495567203779136
2025-12-23,LAC2,Non,8900.0,8918.0,17794.0,17884.0,,,,,,,0.8830996851689292,1.5407210352758458,1.4495567203779136
2025-12-23,LAC2,Sup,3780.0,3814.0,17794.0,17884.0,,,,,,,0.8830996851689292,1.5407210352758458,1.4495567203779136
2025-12-23,LAC2,TCL,318.0,326.0,17794.0,17884.0,12.0,55.0,2.5,2.515723270440254,2.515723270440255,2.5157232704402537,0.8830996851689292,1.5407210352758458,1.4495567203779136
2025-12-25,LAC2,HLG,1124.0,1128.0,17586.0,17610.0,20.0,42.0,2.95,0.35587188612098886,0.3558718861209979,0.35587188612100273,0.07657798795251086,0.08979996284140102,0.16561936772371996
2025-12-25,LAC2,NOB,3598.0,3604.0,17586.0,17610.0,,,,,,,0.07657798795251086,0.08979996284140102,0.16561936772371996
2025-12-25,LAC2,Non,8794.0,8800.0,17586.0,17610.0,,,,,,,0.07657798795251086,0.08979996284140102,0.16561936772371996
2025-12-25,LAC2,Sup,3754.0,3764.0,17586.0,17610.0,,,,,,,0.07657798795251086,0.08979996284140102,0.16561936772371996
2025-12-25,LAC2,TCL,316.0,314.0,17586.0,17610.0,12.0,55.0,2.5,-0.6329113924050684,-0.6329113924050763,-0.6329113924050722,0.07657798795251086,0.08979996284140102,0.16561936772371996
2025-12-26,LAC2,HLG,1272.0,1264.0,17078.0,17142.0,20.0,42.0,2.95,-0.6289308176100606,-0.6289308176100654,-0.6289308176100551,-1.0839947575796738,-0.7889434401339425,-0.7421478111057086
2025-12-26,LAC2,NOB,3280.0,3328.0,17078.0,17142.0,,,,,,,-1.0839947575796738,-0.7889434401339425,-0.7421478111057086
2025-12-26,LAC2,Non,8526.0,8566.0,17078.0,17142.0,,,,,,,-1.0839947575796738,-0.7889434401339425,-0.7421478111057086
2025-12-26,LAC2,Sup,3690.0,3678.0,17078.0,17142.0,,,,,,,-1.0839947575796738,-0.7889434401339425,-0.7421478111057086
2025-12-26,LAC2,TCL,310.0,306.0,17078.0,17142.0,12.0,55.0,2.5,-1.290322580645172,-1.2903225806451546,-1.2903225806451568,-1.0839947575796738,-0.7889434401339425,-0.7421478111057086
2025-12-27,LAC2,HLG,1278.0,1288.0,17188.0,17118.0,20.0,42.0,2.95,0.78247261345854,0.7824726134585375,0.7824726134585335,0.8500418229533808,0.12845031827135714,0.3211446036632544
2025-12-27,LAC2,NOB,3368.0,3356.0,17188.0,17118.0,,,,,,,0.8500418229533808,0.12845031827135714,0.3211446036632544
2025-12-27,LAC2,Non,8600.0,8540.0,17188.0,17118.0,,,,,,,0.8500418229533808,0.12845031827135714,0.3211446036632544
2025-12-27,LAC2,Sup,3644.0,3642.0,17188.0,17118.0,,,,,,,0.8500418229533808,0.12845031827135714,0.3211446036632544
2025-12-27,LAC2,TCL,298.0,292.0,17188.0,17118.0,12.0,55.0,2.5,-2.0134228187919434,-2.013422818791953,-2.013422818791951,0.8500418229533808,0.12845031827135714,0.3211446036632544
2025-12-28,LAC2,HLG,1256.0,1250.0,17158.0,17188.0,20.0,42.0,2.95,-0.4777070063694222,-0.47770700636942337,-0.4777070063694257,-0.3409623713772789,0.11209795636803865,-0.0603999821037113
2025-12-28,LAC2,NOB,3372.0,3400.0,17158.0,17188.0,,,,,,,-0.3409623713772789,0.11209795636803865,-0.0603999821037113
2025-12-28,LAC2,Non,8576.0,8566.0,17158.0,17188.0,,,,,,,-0.3409623713772789,0.11209795636803865,-0.0603999821037113
2025-12-28,LAC2,Sup,3648.0,3660.0,17158.0,17188.0,,,,,,,-0.3409623713772789,0.11209795636803865,-0.0603999821037113
2025-12-28,LAC2,TCL,306.0,312.0,17158.0,17188.0,12.0,55.0,2.5,1.960784313725487,1.9607843137254797,1.9607843137254832,-0.3409623713772789,0.11209795636803865,-0.0603999821037113
2025-12-29,LAC2,HLG,657.0,658.0,8739.0,8754.0,20.0,42.0,2.95,0.15220700152206135,0.15220700152207578,0.15220700152206354,-0.11802296971932101,-0.03610208558971242,0.01939111886755939
2025-12-29,LAC2,NOB,1737.0,1749.0,8739.0,8754.0,,,,,,,-0.11802296971932101,-0.03610208558971242,0.01939111886755939
2025-12-29,LAC2,Non,4369.0,4365.0,8739.0,8754.0,,,,,,,-0.11802296971932101,-0.03610208558971242,0.01939111886755939
2025-12-29,LAC2,Sup,1823.0,1830.0,8739.0,8754.0,,,,,,,-0.11802296971932101,-0.03610208558971242,0.01939111886755939
2025-12-29,LAC2,TCL,153.0,152.0,8739.0,8754.0,12.0,55.0,2.5,-0.6535947712418355,-0.6535947712418435,-0.6535947712418394,-0.11802296971932101,-0.03610208558971242,0.01939111886755939
2025-12-30,LAC2,HLG,1240.0,1248.0,16494.0,16580.0,20.0,42.0,2.95,0.6451612903225784,0.6451612903225833,0.6451612903225922,0.9728187707621146,2.272526826400123,1.7932922655715295
2025-12-30,LAC2,NOB,3282.0,3310.0,16494.0,16580.0,,,,,,,0.9728187707621146,2.272526826400123,1.7932922655715295
2025-12-30,LAC2,Non,8238.0,8256.0,16494.0,16580.0,,,,,,,0.9728187707621146,2.272526826400123,1.7932922655715295
2025-12-30,LAC2,Sup,3444.0,3454.0,16494.0,16580.0,,,,,,,0.9728187707621146,2.272526826400123,1.7932922655715295
2025-12-30,LAC2,TCL,290.0,312.0,16494.0,16580.0,12.0,55.0,2.5,7.586206896551727,7.5862068965517215,7.5862068965517215,0.9728187707621146,2.272526826400123,1.7932922655715295
2025-12-31,LAC2,HLG,1148.0,1152.0,15660.0,15660.0,20.0,42.0,2.95,0.3484320557491339,0.3484320557491185,0.34843205574911407,0.9422492401215956,1.4744718309858966,1.1452062839524209
2025-12-31,LAC2,NOB,3078.0,3074.0,15660.0,15660.0,,,,,,,0.9422492401215956,1.4744718309858966,1.1452062839524209
2025-12-31,LAC2,Non,7824.0,7824.0,15660.0,15660.0,,,,,,,0.9422492401215956,1.4744718309858966,1.1452062839524209
2025-12-31,LAC2,Sup,3330.0,3316.0,15660.0,15660.0,,,,,,,0.9422492401215956,1.4744718309858966,1.1452062839524209
2025-12-31,LAC2,TCL,280.0,294.0,15660.0,15660.0,12.0,55.0,2.5,4.999999999999999,4.999999999999993,4.999999999999995,0.9422492401215956,1.4744718309858966,1.1452062839524209
2026-01-01,LAC2,HLG,1238.0,1242.0,16324.0,16422.0,20.0,42.0,2.95,0.32310177705977844,0.3231017770597642,0.32310177705977955,0.2784171841439587,1.3872456223378906,1.0728777423718014
2026-01-01,LAC2,NOB,3190.0,3202.0,16324.0,16422.0,,,,,,,0.2784171841439587,1.3872456223378906,1.0728777423718014
2026-01-01,LAC2,Non,8162.0,8210.0,16324.0,16422.0,,,,,,,0.2784171841439587,1.3872456223378906,1.0728777423718014
2026-01-01,LAC2,Sup,3450.0,3470.0,16324.0,16422.0,,,,,,,0.2784171841439587,1.3872456223378906,1.0728777423718014
2026-01-01,LAC2,TCL,284.0,298.0,16324.0,16422.0,12.0,55.0,2.5,4.929577464788732,4.929577464788744,4.92957746478874,0.2784171841439587,1.3872456223378906,1.0728777423718014
2026-01-02,LAC2,HLG,1196.0,1214.0,16478.0,16602.0,20.0,42.0,2.95,1.5050167224080364,1.5050167224080273,1.505016722408023,0.8276224559752396,1.6602458264538638,1.614432696410785
2026-01-02,LAC2,NOB,3426.0,3428.0,16478.0,16602.0,,,,,,,0.8276224559752396,1.6602458264538638,1.614432696410785
2026-01-02,LAC2,Non,8248.0,8292.0,16478.0,16602.0,,,,,,,0.8276224559752396,1.6602458264538638,1.614432696410785
2026-01-02,LAC2,Sup,3332.0,3386.0,16478.0,16602.0,,,,,,,0.8276224559752396,1.6602458264538638,1.614432696410785
2026-01-02,LAC2,TCL,276.0,282.0,16478.0,16602.0,12.0,55.0,2.5,2.1739130434782794,2.173913043478249,2.173913043478253,0.8276224559752396,1.6602458264538638,1.614432696410785
2026-01-03,LAC2,HLG,1148.0,1142.0,16374.0,16490.0,20.0,42.0,2.95,-0.5226480836236885,-0.5226480836237014,-0.5226480836237131,-0.9750885219189579,-0.05030181086521688,-0.1884206920178272
2026-01-03,LAC2,NOB,3430.0,3480.0,16374.0,16490.0,,,,,,,-0.9750885219189579,-0.05030181086521688,-0.1884206920178272
2026-01-03,LAC2,Non,8182.0,8234.0,16374.0,16490.0,,,,,,,-0.9750885219189579,-0.05030181086521688,-0.1884206920178272
2026-01-03,LAC2,Sup,3334.0,3350.0,16374.0,16490.0,,,,,,,-0.9750885219189579,-0.05030181086521688,-0.1884206920178272
2026-01-03,LAC2,TCL,280.0,284.0,16374.0,16490.0,12.0,55.0,2.5,1.428571428571419,1.4285714285714213,1.4285714285714235,-0.9750885219189579,-0.05030181086521688,-0.1884206920178272
2026-01-04,LAC2,HLG,1144.0,1156.0,15400.0,15564.0,20.0,42.0,2.95,1.048951048951039,1.0489510489510414,1.0489510489510463,0.20522117741785453,1.4699928368993023,1.3479974694632217
2026-01-04,LAC2,NOB,2946.0,2996.0,15400.0,15564.0,,,,,,,0.20522117741785453,1.4699928368993023,1.3479974694632217
2026-01-04,LAC2,Non,7694.0,7776.0,15400.0,15564.0,,,,,,,0.20522117741785453,1.4699928368993023,1.3479974694632217
2026-01-04,LAC2,Sup,3322.0,3334.0,15400.0,15564.0,,,,,,,0.20522117741785453,1.4699928368993023,1.3479974694632217
2026-01-04,LAC2,TCL,294.0,302.0,15400.0,15564.0,12.0,55.0,2.5,2.721088435374152,2.7210884353741536,2.7210884353741522,0.20522117741785453,1.4699928368993023,1.3479974694632217
2026-01-05,LAC2,HLG,556.0,554.0,7487.0,7501.0,20.0,42.0,2.95,-0.35971223021583243,-0.35971223021582877,-0.35971223021581206,-0.4973932076802631,-0.26861089792786896,-0.29497050294969246
2026-01-05,LAC2,NOB,1431.0,1433.0,7487.0,7501.0,,,,,,,-0.4973932076802631,-0.26861089792786896,-0.29497050294969246
2026-01-05,LAC2,Non,3744.0,3755.0,7487.0,7501.0,,,,,,,-0.4973932076802631,-0.26861089792786896,-0.29497050294969246
2026-01-05,LAC2,Sup,1612.0,1615.0,7487.0,7501.0,,,,,,,-0.4973932076802631,-0.26861089792786896,-0.29497050294969246
2026-01-05,LAC2,TCL,144.0,144.0,7487.0,7501.0,12.0,55.0,2.5,0.0,0.0,0.0,-0.4973932076802631,-0.26861089792786896,-0.29497050294969246
2026-01-06,LAC2,HLG,581.0,578.0,7936.0,7964.0,20.0,42.0,2.95,-0.5163511187607647,-0.5163511187607652,-0.5163511187607561,-0.9809405482566189,-0.7351566880568231,-0.6710433876789674
2026-01-06,LAC2,NOB,1560.0,1562.0,7936.0,7964.0,,,,,,,-0.9809405482566189,-0.7351566880568231,-0.6710433876789674
2026-01-06,LAC2,Non,3968.0,4002.0,7936.0,7964.0,,,,,,,-0.9809405482566189,-0.7351566880568231,-0.6710433876789674
2026-01-06,LAC2,Sup,1687.0,1684.0,7936.0,7964.0,,,,,,,-0.9809405482566189,-0.7351566880568231,-0.6710433876789674
2026-01-06,LAC2,TCL,140.0,138.0,7936.0,7964.0,12.0,55.0,2.5,-1.4285714285714404,-1.4285714285714213,-1.4285714285714235,-0.9809405482566189,-0.7351566880568231,-0.6710433876789674
2026-01-07,LAC2,HLG,589.0,586.0,8144.0,8240.0,20.0,42.0,2.95,-0.5093378607809799,-0.509337860780981,-0.509337860781004,-1.0770910075371485,0.626766621605003,0.2938997873407814
2026-01-07,LAC2,NOB,1624.0,1635.0,8144.0,8240.0,,,,,,,-1.0770910075371485,0.626766621605003,0.2938997873407814
2026-01-07,LAC2,Non,4079.0,4118.0,8144.0,8240.0,,,,,,,-1.0770910075371485,0.626766621605003,0.2938997873407814
2026-01-07,LAC2,Sup,1710.0,1753.0,8144.0,8240.0,,,,,,,-1.0770910075371485,0.626766621605003,0.2938997873407814
2026-01-07,LAC2,TCL,142.0,148.0,8144.0,8240.0,12.0,55.0,2.5,4.225352112676071,4.225352112676071,4.225352112676067,-1.0770910075371485,0.626766621605003,0.2938997873407814
2026-01-08,LAC2,HLG,603.0,606.0,8327.0,8321.0,20.0,42.0,2.95,0.4975124378109524,0.4975124378109529,0.4975124378109241,0.41988119828291726,0.21285525842426536,0.29619609580893097
2026-01-08,LAC2,NOB,1664.0,1665.0,8327.0,8321.0,,,,,,,0.41988119828291726,0.21285525842426536,0.29619609580893097
2026-01-08,LAC2,Non,4163.0,4161.0,8327.0,8321.0,,,,,,,0.41988119828291726,0.21285525842426536,0.29619609580893097
2026-01-08,LAC2,Sup,1751.0,1744.0,8327.0,8321.0,,,,,,,0.41988119828291726,0.21285525842426536,0.29619609580893097
2026-01-08,LAC2,TCL,146.0,145.0,8327.0,8321.0,12.0,55.0,2.5,-0.6849315068493208,-0.6849315068493116,-0.6849315068493127,0.41988119828291726,0.21285525842426536,0.29619609580893097
2026-01-09,LAC2,HLG,587.0,598.0,8004.0,8023.0,20.0,42.0,2.95,1.8739352640545048,1.8739352640545164,1.873935264054517,1.6696734124387733,1.9445478228507573,1.9237714588399573
2026-01-09,LAC2,NOB,1575.0,1576.0,8004.0,8023.0,,,,,,,1.6696734124387733,1.9445478228507573,1.9237714588399573
2026-01-09,LAC2,Non,4000.0,4007.0,8004.0,8023.0,,,,,,,1.6696734124387733,1.9445478228507573,1.9237714588399573
2026-01-09,LAC2,Sup,1704.0,1701.0,8004.0,8023.0,,,,,,,1.6696734124387733,1.9445478228507573,1.9237714588399573
2026-01-09,LAC2,TCL,138.0,141.0,8004.0,8023.0,12.0,55.0,2.5,2.1739130434782794,2.173913043478249,2.173913043478253,1.6696734124387733,1.9445478228507573,1.9237714588399573
2026-01-10,LAC2,HLG,608.0,615.0,8300.0,8313.0,20.0,42.0,2.95,1.151315789473689,1.1513157894736832,1.151315789473675,0.5912952950822365,0.38558106169297596,0.6106054977711529
2026-01-10,LAC2,NOB,1632.0,1635.0,8300.0,8313.0,,,,,,,0.5912952950822365,0.38558106169297596,0.6106054977711529
2026-01-10,LAC2,Non,4150.0,4152.0,8300.0,8313.0,,,,,,,0.5912952950822365,0.38558106169297596,0.6106054977711529
2026-01-10,LAC2,Sup,1766.0,1770.0,8300.0,8313.0,,,,,,,0.5912952950822365,0.38558106169297596,0.6106054977711529
2026-01-10,LAC2,TCL,144.0,141.0,8300.0,8313.0,12.0,55.0,2.5,-2.08333333333333,-2.0833333333333406,-2.083333333333338,0.5912952950822365,0.38558106169297596,0.6106054977711529
2026-01-11,LAC2,HLG,583.0,582.0,7919.0,7965.0,20.0,42.0,2.95,-0.1715265866209165,-0.17152658662093273,-0.1715265866209396,-0.6370432750436616,0.040252662868465273,-0.021688314817956588
2026-01-11,LAC2,NOB,1536.0,1539.0,7919.0,7965.0,,,,,,,-0.6370432750436616,0.040252662868465273,-0.021688314817956588
2026-01-11,LAC2,Non,3965.0,3983.0,7919.0,7965.0,,,,,,,-0.6370432750436616,0.040252662868465273,-0.021688314817956588
2026-01-11,LAC2,Sup,1693.0,1718.0,7919.0,7965.0,,,,,,,-0.6370432750436616,0.040252662868465273,-0.021688314817956588
2026-01-11,LAC2,TCL,142.0,143.0,7919.0,7965.0,12.0,55.0,2.5,0.704225352112682,0.7042253521126907,0.7042253521126861,-0.6370432750436616,0.040252662868465273,-0.021688314817956588
2025-12-16,LACT3,DRY,326.0,334.0,3780.0,3332.0,,,,,,,19.3598421133163,0.49437829966997254,2.123145378733183
2025-12-16,LACT3,HLG,268.0,266.0,3780.0,3332.0,20.0,42.0,2.95,-0.7462686567164152,-0.746268656716421,-0.7462686567164198,19.3598421133163,0.49437829966997254,2.123145378733183
2025-12-16,LACT3,MOL,84.0,76.0,3780.0,3332.0,5.17,,,-9.52380952380951,,,19.3598421133163,0.49437829966997254,2.123145378733183
2025-12-16,LACT3,NOB,846.0,844.0,3780.0,3332.0,,,,,,,19.3598421133163,0.49437829966997254,2.123145378733183
2025-12-16,LACT3,Non,1894.0,1438.0,3780.0,3332.0,,,,,,,19.3598421133163,0.49437829966997254,2.123145378733183
2025-12-16,LACT3,SBM,146.0,162.0,3780.0,3332.0,53.17,10.92,2.17,10.958904109589037,10.95890410958905,10.958904109589025,19.3598421133163,0.49437829966997254,2.123145378733183
2025-12-16,LACT3,SUP,116.0,112.0,3780.0,3332.0,,,,,,,19.3598421133163,0.49437829966997254,2.123145378733183
2025-12-16,LACT3,TCL,100.0,100.0,3780.0,3332.0,12.0,55.0,2.5,0.0,0.0,0.0,19.3598421133163,0.49437829966997254,2.123145378733183
2025-12-17,LACT3,DRY,370.0,388.0,4030.0,4064.0,,,,,,,2.952097143690836,-0.07629920592307338,1.2621253702143875
2025-12-17,LACT3,HLG,282.0,278.0,4030.0,4064.0,20.0,42.0,2.95,-1.4184397163120517,-1.4184397163120503,-1.4184397163120606,2.952097143690836,-0.07629920592307338,1.2621253702143875
2025-12-17,LACT3,MOL,96.0,88.0,4030.0,4064.0,5.17,,,-8.333333333333329,,,2.952097143690836,-0.07629920592307338,1.2621253702143875
2025-12-17,LACT3,NOB,848.0,852.0,4030.0,4064.0,,,,,,,2.952097143690836,-0.07629920592307338,1.2621253702143875
2025-12-17,LACT3,Non,2026.0,2016.0,4030.0,4064.0,,,,,,,2.952097143690836,-0.07629920592307338,1.2621253702143875
2025-12-17,LACT3,SBM,166.0,180.0,4030.0,4064.0,53.17,10.92,2.17,8.43373493975903,8.433734939759017,8.433734939759033,2.952097143690836,-0.07629920592307338,1.2621253702143875
2025-12-17,LACT3,SUP,130.0,150.0,4030.0,4064.0,,,,,,,2.952097143690836,-0.07629920592307338,1.2621253702143875
2025-12-17,LACT3,TCL,112.0,112.0,4030.0,4064.0,12.0,55.0,2.5,0.0,0.0,0.0,2.952097143690836,-0.07629920592307338,1.2621253702143875
2025-12-18,LACT3,DRY,370.0,370.0,3992.0,4066.0,,,,,,,3.660037613324622,4.482436310781151,4.632081195874021
2025-12-18,LACT3,HLG,278.0,282.0,3992.0,4066.0,20.0,42.0,2.95,1.4388489208633042,1.438848920863303,1.4388489208633133,3.660037613324622,4.482436310781151,4.632081195874021
2025-12-18,LACT3,MOL,96.0,88.0,3992.0,4066.0,5.17,,,-8.333333333333329,,,3.660037613324622,4.482436310781151,4.632081195874021
2025-12-18,LACT3,NOB,850.0,860.0,3992.0,4066.0,,,,,,,3.660037613324622,4.482436310781151,4.632081195874021
2025-12-18,LACT3,Non,1994.0,2038.0,3992.0,4066.0,,,,,,,3.660037613324622,4.482436310781151,4.632081195874021
2025-12-18,LACT3,SBM,166.0,180.0,3992.0,4066.0,53.17,10.92,2.17,8.43373493975903,8.433734939759017,8.433734939759033,3.660037613324622,4.482436310781151,4.632081195874021
2025-12-18,LACT3,SUP,130.0,130.0,3992.0,4066.0,,,,,,,3.660037613324622,4.482436310781151,4.632081195874021
2025-12-18,LACT3,TCL,108.0,118.0,3992.0,4066.0,12.0,55.0,2.5,9.259259259259252,9.259259259259272,9.25925925925926,3.660037613324622,4.482436310781151,4.632081195874021
2025-12-19,LACT3,DRY,370.0,370.0,3992.0,4046.0,,,,,,,7.994244833752575,-0.06691985388455894,3.2908077053058435
2025-12-19,LACT3,HLG,278.0,272.0,3992.0,4046.0,20.0,42.0,2.95,-2.158273381294969,-2.158273381294973,-2.158273381294959,7.994244833752575,-0.06691985388455894,3.2908077053058435
2025-12-19,LACT3,MOL,96.0,88.0,3992.0,4046.0,5.17,,,-8.333333333333329,,,7.994244833752575,-0.06691985388455894,3.2908077053058435
2025-12-19,LACT3,NOB,850.0,852.0,3992.0,4046.0,,,,,,,7.994244833752575,-0.06691985388455894,3.2908077053058435
2025-12-19,LACT3,Non,2006.0,2022.0,3992.0,4046.0,,,,,,,7.994244833752575,-0.06691985388455894,3.2908077053058435
2025-12-19,LACT3,SBM,166.0,198.0,3992.0,4046.0,53.17,10.92,2.17,19.27710843373493,19.277108433734913,19.277108433734938,7.994244833752575,-0.06691985388455894,3.2908077053058435
2025-12-19,LACT3,SUP,130.0,150.0,3992.0,4046.0,,,,,,,7.994244833752575,-0.06691985388455894,3.2908077053058435
2025-12-19,LACT3,TCL,96.0,94.0,3992.0,4046.0,12.0,55.0,2.5,-2.0833333333333353,-2.083333333333323,-2.083333333333326,7.994244833752575,-0.06691985388455894,3.2908077053058435
2025-12-20,LACT3,DRY,632.0,634.0,6778.0,6814.0,,,,,,,1.7512410906519245,2.181338781527263,2.149076862642391
2025-12-20,LACT3,HLG,482.0,492.0,6778.0,6814.0,20.0,42.0,2.95,2.0746887966804977,2.0746887966804923,2.074688796680497,1.7512410906519245,2.181338781527263,2.149076862642391
2025-12-20,LACT3,MOL,164.0,176.0,6778.0,6814.0,5.17,,,7.3170731707317085,,,1.7512410906519245,2.181338781527263,2.149076862642391
2025-12-20,LACT3,NOB,1448.0,1462.0,6778.0,6814.0,,,,,,,1.7512410906519245,2.181338781527263,2.149076862642391
2025-12-20,LACT3,Non,3384.0,3388.0,6778.0,6814.0,,,,,,,1.7512410906519245,2.181338781527263,2.149076862642391
2025-12-20,LACT3,SBM,282.0,288.0,6778.0,6814.0,53.17,10.92,2.17,2.1276595744680877,2.1276595744680873,2.1276595744680904,1.7512410906519245,2.181338781527263,2.149076862642391
2025-12-20,LACT3,SUP,222.0,206.0,6778.0,6814.0,,,,,,,1.7512410906519245,2.181338781527263,2.149076862642391
2025-12-20,LACT3,TCL,164.0,168.0,6778.0,6814.0,12.0,55.0,2.5,2.4390243902439046,2.4390243902439055,2.4390243902439157,1.7512410906519245,2.181338781527263,2.149076862642391
2025-12-21,LACT3,DRY,632.0,634.0,6696.0,6700.0,,,,,,,1.350376783297183,1.1787763043073947,1.1213202926157622
2025-12-21,LACT3,HLG,482.0,482.0,6696.0,6700.0,20.0,42.0,2.95,0.0,0.0,0.0,1.350376783297183,1.1787763043073947,1.1213202926157622
2025-12-21,LACT3,MOL,164.0,164.0,6696.0,6700.0,5.17,,,0.0,,,1.350376783297183,1.1787763043073947,1.1213202926157622
2025-12-21,LACT3,NOB,1386.0,1394.0,6696.0,6700.0,,,,,,,1.350376783297183,1.1787763043073947,1.1213202926157622
2025-12-21,LACT3,Non,3342.0,3340.0,6696.0,6700.0,,,,,,,1.350376783297183,1.1787763043073947,1.1213202926157622
2025-12-21,LACT3,SBM,282.0,288.0,6696.0,6700.0,53.17,10.92,2.17,2.1276595744680877,2.1276595744680873,2.1276595744680904,1.350376783297183,1.1787763043073947,1.1213202926157622
2025-12-21,LACT3,SUP,222.0,206.0,6696.0,6700.0,,,,,,,1.350376783297183,1.1787763043073947,1.1213202926157622
2025-12-21,LACT3,TCL,186.0,192.0,6696.0,6700.0,12.0,55.0,2.5,3.225806451612898,3.2258064516129004,3.2258064516128915,1.350376783297183,1.1787763043073947,1.1213202926157622
2025-12-22,LACT3,DRY,402.0,405.0,4287.0,4310.0,,,,,,,2.076154811857839,0.9128816918790534,1.5669301216911333
2025-12-22,LACT3,HLG,308.0,309.0,4287.0,4310.0,20.0,42.0,2.95,0.32467532467531773,0.32467532467531496,0.32467532467533045,2.076154811857839,0.9128816918790534,1.5669301216911333
2025-12-22,LACT3,MOL,104.0,95.0,4287.0,4310.0,5.17,,,-8.653846153846139,,,2.076154811857839,0.9128816918790534,1.5669301216911333
2025-12-22,LACT3,NOB,884.0,887.0,4287.0,4310.0,,,,,,,2.076154811857839,0.9128816918790534,1.5669301216911333
2025-12-22,LACT3,Non,2149.0,2148.0,4287.0,4310.0,,,,,,,2.076154811857839,0.9128816918790534,1.5669301216911333
2025-12-22,LACT3,SBM,180.0,189.0,4287.0,4310.0,53.17,10.92,2.17,5.000000000000006,5.000000000000005,5.000000000000012,2.076154811857839,0.9128816918790534,1.5669301216911333
2025-12-22,LACT3,SUP,142.0,158.0,4287.0,4310.0,,,,,,,2.076154811857839,0.9128816918790534,1.5669301216911333
2025-12-22,LACT3,TCL,118.0,119.0,4287.0,4310.0,12.0,55.0,2.5,0.8474576271186385,0.8474576271186396,0.8474576271186409,2.076154811857839,0.9128816918790534,1.5669301216911333
2025-12-23,LACT3,DRY,804.0,810.0,8720.0,8768.0,,,,,,,2.236439847545574,0.9128816918790534,1.5669301216911333
2025-12-23,LACT3,HLG,616.0,618.0,8720.0,8768.0,20.0,42.0,2.95,0.32467532467531773,0.32467532467531496,0.32467532467533045,2.236439847545574,0.9128816918790534,1.5669301216911333
2025-12-23,LACT3,MOL,208.0,202.0,8720.0,8768.0,5.17,,,-2.884615384615385,,,2.236439847545574,0.9128816918790534,1.5669301216911333
2025-12-23,LACT3,NOB,1846.0,1864.0,8720.0,8768.0,,,,,,,2.236439847545574,0.9128816918790534,1.5669301216911333
2025-12-23,LACT3,Non,4366.0,4360.0,8720.0,8768.0,,,,,,,2.236439847545574,0.9128816918790534,1.5669301216911333
2025-12-23,LACT3,SBM,360.0,378.0,8720.0,8768.0,53.17,10.92,2.17,5.000000000000006,5.000000000000005,5.000000000000012,2.236439847545574,0.9128816918790534,1.5669301216911333
2025-12-23,LACT3,SUP,284.0,298.0,8720.0,8768.0,,,,,,,2.236439847545574,0.9128816918790534,1.5669301216911333
2025-12-23,LACT3,TCL,236.0,238.0,8720.0,8768.0,12.0,55.0,2.5,0.8474576271186385,0.8474576271186396,0.8474576271186409,2.236439847545574,0.9128816918790534,1.5669301216911333
2025-12-26,LACT3,DRY,1544.0,1532.0,16536.0,16484.0,,,,,,,0.8295485827803862,-0.3980547186217314,-0.04333987946095548
2025-12-26,LACT3,HLG,1110.0,1102.0,16536.0,16484.0,20.0,42.0,2.95,-0.7207207207207181,-0.7207207207207237,-0.7207207207207119,0.8295485827803862,-0.3980547186217314,-0.04333987946095548
2025-12-26,LACT3,MOL,400.0,378.0,16536.0,16484.0,5.17,,,-5.499999999999998,,,0.8295485827803862,-0.3980547186217314,-0.04333987946095548
2025-12-26,LACT3,NOB,3530.0,3532.0,16536.0,16484.0,,,,,,,0.8295485827803862,-0.3980547186217314,-0.04333987946095548
2025-12-26,LACT3,Non,8262.0,8246.0,16536.0,16484.0,,,,,,,0.8295485827803862,-0.3980547186217314,-0.04333987946095548
2025-12-26,LACT3,SBM,690.0,702.0,16536.0,16484.0,53.17,10.92,2.17,1.7391304347826109,1.7391304347826104,1.7391304347826129,0.8295485827803862,-0.3980547186217314,-0.04333987946095548
2025-12-26,LACT3,SUP,546.0,540.0,16536.0,16484.0,,,,,,,0.8295485827803862,-0.3980547186217314,-0.04333987946095548
2025-12-26,LACT3,TCL,454.0,452.0,16536.0,16484.0,12.0,55.0,2.5,-0.44052863436122414,-0.44052863436123124,-0.4405286343612241,0.8295485827803862,-0.3980547186217314,-0.04333987946095548
2025-12-27,LACT3,DRY,788.0,792.0,8534.0,8640.0,,,,,,,-0.36586020476034053,-0.7765708775460075,-0.11273382715421211
2025-12-27,LACT3,HLG,614.0,612.0,8534.0,8640.0,20.0,42.0,2.95,-0.3257328990227944,-0.3257328990227916,-0.32573289902280705,-0.36586020476034053,-0.7765708775460075,-0.11273382715421211
2025-12-27,LACT3,MOL,204.0,202.0,8534.0,8640.0,5.17,,,-0.9803921568627676,,,-0.36586020476034053,-0.7765708775460075,-0.11273382715421211
2025-12-27,LACT3,NOB,1810.0,1864.0,8534.0,8640.0,,,,,,,-0.36586020476034053,-0.7765708775460075,-0.11273382715421211
2025-12-27,LACT3,Non,4262.0,4310.0,8534.0,8640.0,,,,,,,-0.36586020476034053,-0.7765708775460075,-0.11273382715421211
2025-12-27,LACT3,SBM,352.0,360.0,8534.0,8640.0,53.17,10.92,2.17,2.272727272727276,2.2727272727272627,2.2727272727272787,-0.36586020476034053,-0.7765708775460075,-0.11273382715421211
2025-12-27,LACT3,SUP,278.0,280.0,8534.0,8640.0,,,,,,,-0.36586020476034053,-0.7765708775460075,-0.11273382715421211
2025-12-27,LACT3,TCL,226.0,220.0,8534.0,8640.0,12.0,55.0,2.5,-2.654867256637177,-2.654867256637166,-2.6548672566371745,-0.36586020476034053,-0.7765708775460075,-0.11273382715421211
2025-12-28,LACT3,DRY,788.0,792.0,8558.0,8628.0,,,,,,,3.2785203779725736,1.5246412832985317,2.256177934758966
2025-12-28,LACT3,HLG,604.0,602.0,8558.0,8628.0,20.0,42.0,2.95,-0.33112582781456246,-0.3311258278145709,-0.3311258278145754,3.2785203779725736,1.5246412832985317,2.256177934758966
2025-12-28,LACT3,MOL,204.0,202.0,8558.0,8628.0,5.17,,,-0.9803921568627676,,,3.2785203779725736,1.5246412832985317,2.256177934758966
2025-12-28,LACT3,NOB,1810.0,1812.0,8558.0,8628.0,,,,,,,3.2785203779725736,1.5246412832985317,2.256177934758966
2025-12-28,LACT3,Non,4290.0,4304.0,8558.0,8628.0,,,,,,,3.2785203779725736,1.5246412832985317,2.256177934758966
2025-12-28,LACT3,SBM,352.0,378.0,8558.0,8628.0,53.17,10.92,2.17,7.3863636363636465,7.386363636363631,7.3863636363636545,3.2785203779725736,1.5246412832985317,2.256177934758966
2025-12-28,LACT3,SUP,278.0,298.0,8558.0,8628.0,,,,,,,3.2785203779725736,1.5246412832985317,2.256177934758966
2025-12-28,LACT3,TCL,232.0,240.0,8558.0,8628.0,12.0,55.0,2.5,3.448275862068969,3.44827586206897,3.448275862068969,3.2785203779725736,1.5246412832985317,2.256177934758966
2025-12-29,LACT3,DRY,394.0,405.0,4355.0,4398.0,,,,,,,0.14495397922126818,0.26272462306341593,0.5130538862429247
2025-12-29,LACT3,HLG,316.0,315.0,4355.0,4398.0,20.0,42.0,2.95,-0.3164556962025361,-0.31645569620252223,-0.3164556962025372,0.14495397922126818,0.26272462306341593,0.5130538862429247
2025-12-29,LACT3,MOL,102.0,101.0,4355.0,4398.0,5.17,,,-0.9803921568627676,,,0.14495397922126818,0.26272462306341593,0.5130538862429247
2025-12-29,LACT3,NOB,933.0,944.0,4355.0,4398.0,,,,,,,0.14495397922126818,0.26272462306341593,0.5130538862429247
2025-12-29,LACT3,Non,2179.0,2196.0,4355.0,4398.0,,,,,,,0.14495397922126818,0.26272462306341593,0.5130538862429247
2025-12-29,LACT3,SBM,176.0,180.0,4355.0,4398.0,53.17,10.92,2.17,2.272727272727276,2.2727272727272627,2.2727272727272787,0.14495397922126818,0.26272462306341593,0.5130538862429247
2025-12-29,LACT3,SUP,139.0,140.0,4355.0,4398.0,,,,,,,0.14495397922126818,0.26272462306341593,0.5130538862429247
2025-12-29,LACT3,TCL,116.0,117.0,4355.0,4398.0,12.0,55.0,2.5,0.8620689655172358,0.862068965517237,0.8620689655172384,0.14495397922126818,0.26272462306341593,0.5130538862429247
2025-12-30,LACT3,DRY,788.0,810.0,8670.0,8862.0,,,,,,,0.23791068427177103,5.871348368771194,3.9417250579757175
2025-12-30,LACT3,HLG,632.0,630.0,8670.0,8862.0,20.0,42.0,2.95,-0.3164556962025361,-0.31645569620252223,-0.3164556962025372,0.23791068427177103,5.871348368771194,3.9417250579757175
2025-12-30,LACT3,MOL,204.0,190.0,8670.0,8862.0,5.17,,,-6.8627450980392215,,,0.23791068427177103,5.871348368771194,3.9417250579757175
2025-12-30,LACT3,NOB,1866.0,1934.0,8670.0,8862.0,,,,,,,0.23791068427177103,5.871348368771194,3.9417250579757175
2025-12-30,LACT3,Non,4318.0,4380.0,8670.0,8862.0,,,,,,,0.23791068427177103,5.871348368771194,3.9417250579757175
2025-12-30,LACT3,SBM,352.0,360.0,8670.0,8862.0,53.17,10.92,2.17,2.272727272727276,2.2727272727272627,2.2727272727272787,0.23791068427177103,5.871348368771194,3.9417250579757175
2025-12-30,LACT3,SUP,278.0,280.0,8670.0,8862.0,,,,,,,0.23791068427177103,5.871348368771194,3.9417250579757175
2025-12-30,LACT3,TCL,232.0,278.0,8670.0,8862.0,12.0,55.0,2.5,19.827586206896548,19.827586206896562,19.82758620689656,0.23791068427177103,5.871348368771194,3.9417250579757175
2025-12-31,LACT3,DRY,748.0,740.0,8100.0,7718.0,,,,,,,8.90141620475415,5.811630905517755,5.123253819821894
2025-12-31,LACT3,HLG,572.0,604.0,8100.0,7718.0,20.0,42.0,2.95,5.594405594405587,5.594405594405593,5.594405594405588,8.90141620475415,5.811630905517755,5.123253819821894
2025-12-31,LACT3,MOL,194.0,190.0,8100.0,7718.0,5.17,,,-2.0618556701030872,,,8.90141620475415,5.811630905517755,5.123253819821894
2025-12-31,LACT3,NOB,1718.0,1718.0,8100.0,7718.0,,,,,,,8.90141620475415,5.811630905517755,5.123253819821894
2025-12-31,LACT3,Non,4050.0,3608.0,8100.0,7718.0,,,,,,,8.90141620475415,5.811630905517755,5.123253819821894
2025-12-31,LACT3,SBM,334.0,342.0,8100.0,7718.0,53.17,10.92,2.17,2.395209580838327,2.395209580838313,2.3952095808383294,8.90141620475415,5.811630905517755,5.123253819821894
2025-12-31,LACT3,SUP,264.0,280.0,8100.0,7718.0,,,,,,,8.90141620475415,5.811630905517755,5.123253819821894
2025-12-31,LACT3,TCL,220.0,236.0,8100.0,7718.0,12.0,55.0,2.5,7.27272727272728,7.272727272727282,7.27272727272728,8.90141620475415,5.811630905517755,5.123253819821894
2026-01-01,LACT3,DRY,748.0,756.0,8144.0,8150.0,,,,,,,0.8533953820919156,-0.1347163953600768,0.15415252499190046
2026-01-01,LACT3,HLG,596.0,590.0,8144.0,8150.0,20.0,42.0,2.95,-1.0067114093959755,-1.006711409395966,-1.0067114093959708,0.8533953820919156,-0.1347163953600768,0.15415252499190046
2026-01-01,LACT3,MOL,194.0,190.0,8144.0,8150.0,5.17,,,-2.0618556701030872,,,0.8533953820919156,-0.1347163953600768,0.15415252499190046
2026-01-01,LACT3,NOB,1718.0,1718.0,8144.0,8150.0,,,,,,,0.8533953820919156,-0.1347163953600768,0.15415252499190046
2026-01-01,LACT3,Non,4074.0,4076.0,8144.0,8150.0,,,,,,,0.8533953820919156,-0.1347163953600768,0.15415252499190046
2026-01-01,LACT3,SBM,334.0,342.0,8144.0,8150.0,53.17,10.92,2.17,2.395209580838327,2.395209580838313,2.3952095808383294,0.8533953820919156,-0.1347163953600768,0.15415252499190046
2026-01-01,LACT3,SUP,264.0,260.0,8144.0,8150.0,,,,,,,0.8533953820919156,-0.1347163953600768,0.15415252499190046
2026-01-01,LACT3,TCL,216.0,218.0,8144.0,8150.0,12.0,55.0,2.5,0.9259259259259198,0.9259259259259331,0.9259259259259226,0.8533953820919156,-0.1347163953600768,0.15415252499190046
2026-01-02,LACT3,DRY,748.0,774.0,8538.0,8596.0,,,,,,,1.3213395436350002,1.7292220177478488,1.9106973913158547
2026-01-02,LACT3,HLG,596.0,608.0,8538.0,8596.0,20.0,42.0,2.95,2.0134228187919394,2.0134228187919545,2.0134228187919416,1.3213395436350002,1.7292220177478488,1.9106973913158547
2026-01-02,LACT3,MOL,194.0,190.0,8538.0,8596.0,5.17,,,-2.0618556701030872,,,1.3213395436350002,1.7292220177478488,1.9106973913158547
2026-01-02,LACT3,NOB,1912.0,1920.0,8538.0,8596.0,,,,,,,1.3213395436350002,1.7292220177478488,1.9106973913158547
2026-01-02,LACT3,Non,4274.0,4284.0,8538.0,8596.0,,,,,,,1.3213395436350002,1.7292220177478488,1.9106973913158547
2026-01-02,LACT3,SBM,334.0,342.0,8538.0,8596.0,53.17,10.92,2.17,2.395209580838327,2.395209580838313,2.3952095808383294,1.3213395436350002,1.7292220177478488,1.9106973913158547
2026-01-02,LACT3,SUP,264.0,260.0,8538.0,8596.0,,,,,,,1.3213395436350002,1.7292220177478488,1.9106973913158547
2026-01-02,LACT3,TCL,216.0,218.0,8538.0,8596.0,12.0,55.0,2.5,0.9259259259259198,0.9259259259259331,0.9259259259259226,1.3213395436350002,1.7292220177478488,1.9106973913158547
2026-01-03,LACT3,DRY,748.0,740.0,8482.0,8534.0,,,,,,,0.24628238096565708,-0.9017562421928653,-0.37945026973376833
2026-01-03,LACT3,HLG,572.0,564.0,8482.0,8534.0,20.0,42.0,2.95,-1.398601398601406,-1.398601398601404,-1.3986013986014023,0.24628238096565708,-0.9017562421928653,-0.37945026973376833
2026-01-03,LACT3,MOL,194.0,202.0,8482.0,8534.0,5.17,,,4.1237113402061745,,,0.24628238096565708,-0.9017562421928653,-0.37945026973376833
2026-01-03,LACT3,NOB,1912.0,1936.0,8482.0,8534.0,,,,,,,0.24628238096565708,-0.9017562421928653,-0.37945026973376833
2026-01-03,LACT3,Non,4238.0,4272.0,8482.0,8534.0,,,,,,,0.24628238096565708,-0.9017562421928653,-0.37945026973376833
2026-01-03,LACT3,SBM,334.0,342.0,8482.0,8534.0,53.17,10.92,2.17,2.395209580838327,2.395209580838313,2.3952095808383294,0.24628238096565708,-0.9017562421928653,-0.37945026973376833
2026-01-03,LACT3,SUP,264.0,260.0,8482.0,8534.0,,,,,,,0.24628238096565708,-0.9017562421928653,-0.37945026973376833
2026-01-03,LACT3,TCL,220.0,218.0,8482.0,8534.0,12.0,55.0,2.5,-0.9090909090909032,-0.9090909090909044,-0.909090909090906,0.24628238096565708,-0.9017562421928653,-0.37945026973376833
2026-01-04,LACT3,DRY,748.0,740.0,7988.0,8036.0,,,,,,,0.9344821156944171,1.6362581546512593,1.3833003022841472
2026-01-04,LACT3,HLG,572.0,570.0,7988.0,8036.0,20.0,42.0,2.95,-0.3496503496503546,-0.349650349650351,-0.34965034965035585,0.9344821156944171,1.6362581546512593,1.3833003022841472
2026-01-04,LACT3,MOL,194.0,190.0,7988.0,8036.0,5.17,,,-2.0618556701030872,,,0.9344821156944171,1.6362581546512593,1.3833003022841472
2026-01-04,LACT3,NOB,1648.0,1656.0,7988.0,8036.0,,,,,,,0.9344821156944171,1.6362581546512593,1.3833003022841472
2026-01-04,LACT3,Non,3994.0,4012.0,7988.0,8036.0,,,,,,,0.9344821156944171,1.6362581546512593,1.3833003022841472
2026-01-04,LACT3,SBM,334.0,342.0,7988.0,8036.0,53.17,10.92,2.17,2.395209580838327,2.395209580838313,2.3952095808383294,0.9344821156944171,1.6362581546512593,1.3833003022841472
2026-01-04,LACT3,SUP,264.0,280.0,7988.0,8036.0,,,,,,,0.9344821156944171,1.6362581546512593,1.3833003022841472
2026-01-04,LACT3,TCL,234.0,246.0,7988.0,8036.0,12.0,55.0,2.5,5.128205128205133,5.128205128205146,5.12820512820514,0.9344821156944171,1.6362581546512593,1.3833003022841472
2026-01-05,LACT3,DRY,374.0,440.0,4023.0,4147.0,,,,,,,-1.3071074028970033,1.3797295004005747,1.5034132084159157
2026-01-05,LACT3,HLG,286.0,289.0,4023.0,4147.0,20.0,42.0,2.95,1.048951048951039,1.0489510489510414,1.0489510489510463,-1.3071074028970033,1.3797295004005747,1.5034132084159157
2026-01-05,LACT3,MOL,97.0,95.0,4023.0,4147.0,5.17,,,-2.0618556701030872,,,-1.3071074028970033,1.3797295004005747,1.5034132084159157
2026-01-05,LACT3,NOB,824.0,839.0,4023.0,4147.0,,,,,,,-1.3071074028970033,1.3797295004005747,1.5034132084159157
2026-01-05,LACT3,Non,2026.0,2054.0,4023.0,4147.0,,,,,,,-1.3071074028970033,1.3797295004005747,1.5034132084159157
2026-01-05,LACT3,SBM,167.0,171.0,4023.0,4147.0,53.17,10.92,2.17,2.395209580838327,2.395209580838313,2.3952095808383294,-1.3071074028970033,1.3797295004005747,1.5034132084159157
2026-01-05,LACT3,SUP,132.0,140.0,4023.0,4147.0,,,,,,,-1.3071074028970033,1.3797295004005747,1.5034132084159157
2026-01-05,LACT3,TCL,117.0,119.0,4023.0,4147.0,12.0,55.0,2.5,1.7094017094017109,1.7094017094017229,1.7094017094017186,-1.3071074028970033,1.3797295004005747,1.5034132084159157
2026-01-06,LACT3,DRY,374.0,378.0,4049.0,4075.0,,,,,,,1.2836978020549832,1.4103427826837613,1.5237489770659811
2026-01-06,LACT3,HLG,286.0,289.0,4049.0,4075.0,20.0,42.0,2.95,1.048951048951039,1.0489510489510414,1.0489510489510463,1.2836978020549832,1.4103427826837613,1.5237489770659811
2026-01-06,LACT3,MOL,97.0,101.0,4049.0,4075.0,5.17,,,4.1237113402061745,,,1.2836978020549832,1.4103427826837613,1.5237489770659811
2026-01-06,LACT3,NOB,859.0,864.0,4049.0,4075.0,,,,,,,1.2836978020549832,1.4103427826837613,1.5237489770659811
2026-01-06,LACT3,Non,2025.0,2031.0,4049.0,4075.0,,,,,,,1.2836978020549832,1.4103427826837613,1.5237489770659811
2026-01-06,LACT3,SBM,167.0,171.0,4049.0,4075.0,53.17,10.92,2.17,2.395209580838327,2.395209580838313,2.3952095808383294,1.2836978020549832,1.4103427826837613,1.5237489770659811
2026-01-06,LACT3,SUP,132.0,130.0,4049.0,4075.0,,,,,,,1.2836978020549832,1.4103427826837613,1.5237489770659811
2026-01-06,LACT3,TCL,109.0,111.0,4049.0,4075.0,12.0,55.0,2.5,1.8348623853211024,1.8348623853210912,1.8348623853210944,1.2836978020549832,1.4103427826837613,1.5237489770659811
2026-01-07,LACT3,DRY,361.0,370.0,3956.0,3984.0,,,,,,,-0.17868420559780288,0.27670414617006484,0.3590286591822259
2026-01-07,LACT3,HLG,276.0,277.0,3956.0,3984.0,20.0,42.0,2.95,0.3623188405797024,0.36231884057971164,0.3623188405797166,-0.17868420559780288,0.27670414617006484,0.3590286591822259
2026-01-07,LACT3,MOL,93.0,95.0,3956.0,3984.0,5.17,,,2.150537634408615,,,-0.17868420559780288,0.27670414617006484,0.3590286591822259
2026-01-07,LACT3,NOB,852.0,858.0,3956.0,3984.0,,,,,,,-0.17868420559780288,0.27670414617006484,0.3590286591822259
2026-01-07,LACT3,Non,1981.0,1987.0,3956.0,3984.0,,,,,,,-0.17868420559780288,0.27670414617006484,0.3590286591822259
2026-01-07,LACT3,SBM,161.0,162.0,3956.0,3984.0,53.17,10.92,2.17,0.6211180124223611,0.6211180124223676,0.621118012422349,-0.17868420559780288,0.27670414617006484,0.3590286591822259
2026-01-07,LACT3,SUP,127.0,130.0,3956.0,3984.0,,,,,,,-0.17868420559780288,0.27670414617006484,0.3590286591822259
2026-01-07,LACT3,TCL,105.0,105.0,3956.0,3984.0,12.0,55.0,2.5,0.0,0.0,0.0,-0.17868420559780288,0.27670414617006484,0.3590286591822259
2026-01-08,LACT3,DRY,358.0,352.0,3933.0,3962.0,,,,,,,4.0561814893022605,2.746211724268015,3.4860964449137666
2026-01-08,LACT3,HLG,274.0,281.0,3933.0,3962.0,20.0,42.0,2.95,2.5547445255474557,2.5547445255474432,2.554744525547447,4.0561814893022605,2.746211724268015,3.4860964449137666
2026-01-08,LACT3,MOL,93.0,95.0,3933.0,3962.0,5.17,,,2.150537634408615,,,4.0561814893022605,2.746211724268015,3.4860964449137666
2026-01-08,LACT3,NOB,845.0,844.0,3933.0,3962.0,,,,,,,4.0561814893022605,2.746211724268015,3.4860964449137666
2026-01-08,LACT3,Non,1970.0,1971.0,3933.0,3962.0,,,,,,,4.0561814893022605,2.746211724268015,3.4860964449137666
2026-01-08,LACT3,SBM,160.0,171.0,3933.0,3962.0,53.17,10.92,2.17,6.874999999999992,6.87499999999998,6.8750000000000036,4.0561814893022605,2.746211724268015,3.4860964449137666
2026-01-08,LACT3,SUP,127.0,140.0,3933.0,3962.0,,,,,,,4.0561814893022605,2.746211724268015,3.4860964449137666
2026-01-08,LACT3,TCL,106.0,108.0,3933.0,3962.0,12.0,55.0,2.5,1.8867924528301903,1.886792452830191,1.8867924528301987,4.0561814893022605,2.746211724268015,3.4860964449137666
2026-01-09,LACT3,DRY,358.0,352.0,3870.0,3873.0,,,,,,,0.46013937252418924,0.47483641821967054,0.4522292993630468
2026-01-09,LACT3,HLG,274.0,273.0,3870.0,3873.0,20.0,42.0,2.95,-0.36496350364962726,-0.36496350364963653,-0.36496350364964153,0.46013937252418924,0.47483641821967054,0.4522292993630468
2026-01-09,LACT3,MOL,93.0,88.0,3870.0,3873.0,5.17,,,-5.3763440860215,,,0.46013937252418924,0.47483641821967054,0.4522292993630468
2026-01-09,LACT3,NOB,822.0,829.0,3870.0,3873.0,,,,,,,0.46013937252418924,0.47483641821967054,0.4522292993630468
2026-01-09,LACT3,Non,1933.0,1934.0,3870.0,3873.0,,,,,,,0.46013937252418924,0.47483641821967054,0.4522292993630468
2026-01-09,LACT3,SBM,160.0,162.0,3870.0,3873.0,53.17,10.92,2.17,1.2500000000000016,1.2499999999999944,1.2499999999999902,0.46013937252418924,0.47483641821967054,0.4522292993630468
2026-01-09,LACT3,SUP,127.0,130.0,3870.0,3873.0,,,,,,,0.46013937252418924,0.47483641821967054,0.4522292993630468
2026-01-09,LACT3,TCL,103.0,105.0,3870.0,3873.0,12.0,55.0,2.5,1.9417475728155358,1.9417475728155367,1.941747572815527,0.46013937252418924,0.47483641821967054,0.4522292993630468
2026-01-10,LACT3,DRY,358.0,361.0,3872.0,3876.0,,,,,,,0.9443679858256504,0.4906924873944306,0.7565463552724793
2026-01-10,LACT3,HLG,274.0,277.0,3872.0,3876.0,20.0,42.0,2.95,1.0948905109489078,1.0948905109489095,1.0948905109489246,0.9443679858256504,0.4906924873944306,0.7565463552724793
2026-01-10,LACT3,MOL,93.0,95.0,3872.0,3876.0,5.17,,,2.150537634408615,,,0.9443679858256504,0.4906924873944306,0.7565463552724793
2026-01-10,LACT3,NOB,822.0,825.0,3872.0,3876.0,,,,,,,0.9443679858256504,0.4906924873944306,0.7565463552724793
2026-01-10,LACT3,Non,1935.0,1933.0,3872.0,3876.0,,,,,,,0.9443679858256504,0.4906924873944306,0.7565463552724793
2026-01-10,LACT3,SBM,160.0,162.0,3872.0,3876.0,53.17,10.92,2.17,1.2500000000000016,1.2499999999999944,1.2499999999999902,0.9443679858256504,0.4906924873944306,0.7565463552724793
2026-01-10,LACT3,SUP,127.0,121.0,3872.0,3876.0,,,,,,,0.9443679858256504,0.4906924873944306,0.7565463552724793
2026-01-10,LACT3,TCL,103.0,102.0,3872.0,3876.0,12.0,55.0,2.5,-0.9708737864077607,-0.970873786407762,-0.9708737864077808,0.9443679858256504,0.4906924873944306,0.7565463552724793
2026-01-12,LACT3,DRY,358.0,361.0,3852.0,3849.0,,,,,,,0.5388473690548223,0.18254982918701299,0.2738472368884191
2026-01-12,LACT3,HLG,274.0,273.0,3852.0,3849.0,20.0,42.0,2.95,-0.36496350364962726,-0.36496350364963653,-0.36496350364964153,0.5388473690548223,0.18254982918701299,0.2738472368884191
2026-01-12,LACT3,MOL,93.0,88.0,3852.0,3849.0,5.17,,,-5.3763440860215,,,0.5388473690548223,0.18254982918701299,0.2738472368884191
2026-01-12,LACT3,NOB,807.0,806.0,3852.0,3849.0,,,,,,,0.5388473690548223,0.18254982918701299,0.2738472368884191
2026-01-12,LACT3,Non,1927.0,1922.0,3852.0,3849.0,,,,,,,0.5388473690548223,0.18254982918701299,0.2738472368884191
2026-01-12,LACT3,SBM,160.0,162.0,3852.0,3849.0,53.17,10.92,2.17,1.2500000000000016,1.2499999999999944,1.2499999999999902,0.5388473690548223,0.18254982918701299,0.2738472368884191
2026-01-12,LACT3,SUP,127.0,130.0,3852.0,3849.0,,,,,,,0.5388473690548223,0.18254982918701299,0.2738472368884191
2026-01-12,LACT3,TCL,106.0,107.0,3852.0,3849.0,12.0,55.0,2.5,0.9433962264150882,0.9433962264151018,0.943396226415091,0.5388473690548223,0.18254982918701299,0.2738472368884191
2025-12-30,PREFRE,Dry,8.0,0.0,1030.0,0.0,,,,,,,,-100.0,-100.0
2025-12-30,PREFRE,NOB,192.0,0.0,1030.0,0.0,,,,,,,,-100.0,-100.0
2025-12-30,PREFRE,Non,518.0,0.0,1030.0,0.0,,,,,,,,-100.0,-100.0
2025-12-30,PREFRE,PRO,24.0,0.0,1030.0,0.0,,,,,,,,-100.0,-100.0
2025-12-30,PREFRE,SBM,30.0,0.0,1030.0,0.0,53.17,10.92,2.17,-100.0,-100.0,-100.0,,-100.0,-100.0
2025-12-30,PREFRE,SOY,48.0,0.0,1030.0,0.0,12.71,64.45,1.02,-100.0,-100.0,-100.0,,-100.0,-100.0
2025-12-30,PREFRE,TCL,200.0,0.0,1030.0,0.0,12.0,55.0,2.5,-100.0,-100.0,-100.0,,-100.0,-100.0
2025-12-30,PREFRE,XZE,10.0,0.0,1030.0,0.0,,,,,,,,-100.0,-100.0
